uniport_id_wt,seq_wt,uniport_id_mt,seq_mt,drug_id,smile,label_wt,label_mt,mutation,affint_type,labels
2V8L,ASIPSSASVQLDSYNYDGSTFSGKIYVKNIAYSKKVTVVYADGSDNWNNNGNIIAASFSGPISGSNYEYWTFSASVKGIKEFYIKYEVSGKTYYDNNNSANYQVST,2V8L_mt,ASIPSSASVQLDSYNYDGSTFSGKIYVKAIAYSKKVTVVYADGSDNWNNNGNIIAASFSGPISGSNYEYWTFSASVKGIKEFYIKYEVSGKTYYDNNNSANYQVST, GLC ,C([C@@H]1[C@H]([C@@H]([C@H]([C@H](O1)O)O)O)O)O,13.479038321343062,11.72364649628588,N29A,KD,4.785714285714286
1HK1,DAHKSEVAHRFKDLGEENFKALVLIAFAQYLQQCPFEDHVKLVNEVTEFAKTCVADESAENCDKSLHTLFGDKLCTVATLRETYGEMADCCAKQEPERNECFLQHKDDNPNLPRLVRPEVDVMCTAFHDNEETFLKKYLYEIARRHPYFYAPELLFFAKRYKAAFTECCQAADKAACLLPKLDELRDEGKASSAKQRLKCASLQKFGERAFKAWAVARLSQRFPKAEFAEVSKLVTDLTKVHTECCHGDLLECADDRADLAKYICENQDSISSKLKECCEKPLLEKSHCIAEVENDEMPADLPSLAADFVESKDVCKNYAEAKDVFLGMFLYEYARRHPDYSVVLLLRLAKTYETTLEKCCAAADPHECYAKVFDEFKPLVEEPQNLIKQNCELFEQLGEYKFQNALLVRYTKKVPQVSTPTLVEVSRNLGKVGSKCCKHPEAKRMPCAEDYLSVVLNQLCVLHEKTPVSDRVTKCCTESLVNRRPCFSALEVDETYVPKEFNAETFTFHADICTLSEKERQIKKQTALVELVKHKPKATKEQLKAVMDDFAAFVEKCCKADDKETCFAEEGKKLVAASQAALGL,1HK2,DAHKSEVAHRFKDLGEENFKALVLIAFAQYLQQCPFEDHVKLVNEVTEFAKTCVADESAENCDKSLHTLFGDKLCTVATLRETYGEMADCCAKQEPERNECFLQHKDDNPNLPRLVRPEVDVMCTAFHDNEETFLKKYLYEIARRHPYFYAPELLFFAKRYKAAFTECCQAADKAACLLPKLDELRDEGKASSAKQRLKCASLQKFGERAFKAWAVAHLSQRFPKAEFAEVSKLVTDLTKVHTECCHGDLLECADDRADLAKYICENQDSISSKLKECCEKPLLEKSHCIAEVENDEMPADLPSLAADFVESKDVCKNYAEAKDVFLGMFLYEYARRHPDYSVVLLLRLAKTYETTLEKCCAAADPHECYAKVFDEFKPLVEEPQNLIKQNCELFEQLGEYKFQNALLVRYTKKVPQVSTPTLVEVSRNLGKVGSKCCKHPEAKRMPCAEDYLSVVLNQLCVLHEKTPVSDRVTKCCTESLVNRRPCFSALEVDETYVPKEFNAETFTFHADICTLSEKERQIKKQTALVELVKHKPKATKEQLKAVMDDFAAFVEKCCKADDKETCFAEEGKKLVAASQAALGL, T44 ,c1c(cc(c(c1I)Oc2cc(c(c(c2)I)O)I)I)C[C@@H](C(=O)O)N,12.98260143502917,15.58746739989615,R218H,KD,0.9260869565217392
2R5P,PQITLWKRPLVSIKVGGQIKEALLDTGADDTVIEEIALPGRWKPKMIGGIGGFIKVRQYDQIIIEICGKKAIGTVLVGPTPVNIIGRNMLTQLGCTLNF,2R5P_mt,PQITLWKRPLVSIKVGGQIKEALLDTGADDTVIEEIALPGRWKPKMIGGIGGFIKVRQYDQIIIEICGKKAIGTVLVGPTPVNIIGRDMLTQLGCTLNF, MK1 ,CC(C)(C)NC(=O)[C@@H]1C[N@@](CC[N@]1C[C@H](C[C@@H](Cc2ccccc2)C(=O)N[C@H]3c4ccccc4C[C@H]3O)O)Cc5cccnc5,19.529343368473977,18.96540791939404,D30N/N88D,Ki,0.7575757575757576
3AJ5,MSQTNANDLRNNEVFFISPSNNTNKVLDKISQSEVKLWNKLSGANQKWRLIYDTNKQAYKIKVMDNTSLILTWNAPLSSVSVKTDTNGDNQYWYLLQNYISRNVIIRNYMNPNLVLQYNIDDTLMVSTQTSSSNQFFKFSNCIYEALNNRNCKLQTQLNSDRFLSKNLNSQIIVLWQWFDSSRQKWIIEYNETKSAYTLKCQENNRYLTWIQNSNNYVETYQSTDSLIQYWNINYLDNDASKYILYNLQDTNRVLDVYNSQIANGTHVIVDSYHGNTNQQWIINLI,3AJ5_mt,MSQTNANDLRNNEVFFISPSNNTNKVLDKISQSEVKLWNKLSGANQKWRLIYDTNKQAYKIKVMDNTSLILTWNAPLSSVSVKTDTNGDNQYWYLLQNYISRNVIIRNYMNPNLVLQYNIDDTLMVSTQTSSSNQFFKFSNCIYEALNNRNCKLQTQLNSDRFLSKNLNSQIIVLAQWFDSSRQKWIIEYNETKSAYTLKCQENNRYLTWIQNSNNYVETYQSTDSLIQYWNINYLDNDASKYILYNLQDTNRVLDVYNSQIANGTHVIVDSYHGNTNQQWIINLI, NGA ,CC(=O)N[C@@H]1[C@H]([C@H]([C@H](O[C@H]1O)CO)O)O,3.5098967985854963,2.791975436039971,W176A,KD,1.0501672240802675
2R3W_wt,PQITLWQRPLVTIKIGGQLKEALLDTGADDTVLEEMSLPGRWKPKMIGGIGGFIKVRQYDQILIEICGHKAIGTVLVGPTPVNIIGRNLLTQIGCTLNF,2R3W,PQITLWQRPLVTIKIGGQLKEALLDTGADDTVLEEMSLPGRWKPKMIGGIGGFIKVRQYDQILIEICGHKAIGTVLVGPTPVNVIGRNLLTQIGCTLNF, G3G ,c1ccc(cc1)CN([C@H]2CNC[C@@H]2N(Cc3ccccc3)S(=O)(=O)c4ccc(cc4)N)S(=O)(=O)c5ccc(cc5)N,15.124843877948036,15.871235573026794,I84V,Ki,0.5259259259259259
1OWB,ADTKAKLTLNGDTAVELDVLKGTLGQDVIDIRTLGSKGVFTFDPGFTSTASCESKITFIDGDEGILLHRGFPIDQLATDSNYLEVCYILLNGEKPTQEQYDEFKTTVTLHTMIHEQITRLFHAFRRDSHPMAVMCGITGALAAFYHDSLDVNNPRHREIAAFRLLSKMPTMAAMCYKYSIGQPFVYPRNDLSYAGNFLNMMFSTPCEPYEVNPILERAMDRILILHADHEQNASTSTVRTAGSSGANPFACIAAGIASLWGPAHGGANEAALKMLEEISSVKHIPEFFRRAKDKNDSFRLMGFGHRVYKNYDPRATVMRETCHEVLKELGTKDDLLEVAMELENIALNDPYFIEKKLYPNVDFYSGIILKAMGIPSSMFTVIFAMARTVGWIAHWSEMHSDGMKIARPRQLYTGYEKRDFKSDIKR,1OWB_mt,ADTKAKLTLNGDTAVELDVLKGTLGQDVIDIRTLGSKGVFTFDPGFTSTASCESKITFIDGDEGILLHRGFPIDQLATDSNYLEVCYILLNGEKPTQEQYDEFKTTVTRHTMIHEQITRLFHAFRRDSHPMAVMCGITGALAAFYHDSLDVNNPRHREIAAFRLLSKMPTMAAMCYKYSIGQPFVYPRNDLSYAGNFLNMMFSTPCEPYEVNPILERAMDRILILHADHEQNASTSTVRTAGSSGANPFACIAAGIASLWGPAHGGANEAALKMLEEISSVKHIPEFFRRAKDKNDSFRLMGFGHRVYKNYDPRATVMRETCHEVLKELGTKDDLLEVAMELENIALNDPYFIEKKLYPNVDFYSGIILKAMGIPSSMFTVIFAMARTVGWIAHWSEMHSDGMKIARPRQLYTGYEKRDFKSDIKR, NAD ,c1cc(c[n+](c1)[C@H]2[C@@H]([C@@H]([C@H](O2)CO[P@@](=O)([O-])O[P@@](=O)(O)OC[C@@H]3[C@H]([C@H]([C@@H](O3)n4cnc5c4ncnc5N)O)O)O)O)C,13.284882306902103,7.369790738578696,K167A/L109R,Ki,369.5882352941176
3UM8,MMEQVCDVFDIYAICACCKVESKNEGKKNEVFNNYTFRGLGNKGVLPWKCNSLDMKYFCAVTTYVNESKYEKLKYKRCKYLNKETVDNVNDMPNSKKLQNVVVMGRTSWESIPKKFKPLSNRINVILSRTLKKEDFDEDVYIINKVEDLIVLLGKLNYYKCFIIGGSVVYQEFLEKKLIKKIYFTRINSTYECDVFFPEINENEYQIISVSDVYTSNNTTLDFIIYKKTNNKMLNEQNCIKGEEKNNDMPLKNDDKDTCHMKKLTEFYKNVDKYKINYENDDDDEEEDDFVYFNFNKEKEEKNKNSIHPNDFQIYNSLKYKYHPEYQYLNIIYDIMMNGNKQSDRTGVGVLSKFGYIMKFDLSQYFPLLTTKKLFLRGIIEELLWFIRGETNGNTLLNKNVRIWEANGTREFLDNRKLFHREVNDLGPIYGFQWRHFGAEYTNMYDNYENKGVDQLKNIINLIKNDPTSRRILLCAWNVKDLDQMALPPCHILCQFYVFDGKLSCIMYQRSCDLGLGVPFNIASYSIFTHMIAQVCNLQPAQFIHVLGNAHVYNNHIDSLKIQLNRIPYPFPTLKLNPDIKNIEDFTISDFTIQNYVHHEKISMDMAA,3UM8_mt,MMEQVCDVFDIYAICCCCKVESKNEGKKNEVFNNYTFRGLGNKGVLPWKCNSLDMKYFCAVTTYVNESKYEKLKYKRCKYLNKETVDNVNDMPNSKKLQNVVVMGRTSWESIPKKFKPLSNRINVILSRTLKKEDFDEDVYIINKVEDLIVLLGKLNYYKCFIIGGSVVYQEFLEKKLIKKIYFTRINSTYECDVFFPEINENEYQIISVSDVYTSNNTTLDFIIYKKTNNKMLNEQNCIKGEEKNNDMPLKNDDKDTCHMKKLTEFYKNVDKYKINYENDDDDEEEDDFVYFNFNKEKEEKNKNSIHPNDFQIYNSLKYKYHPEYQYLNIIYDIMMNGNKQSDRTGVGVLSKFGYIMKFDLSQYFPLLTTKKLFLRGIIEELLWFIRGETNGNTLLNKNVRIWEANGTREFLDNRKLFHREVNDLGPIYGFQWRHFGAEYTNMYDNYENKGVDQLKNIINLIKNDPTSRRILLCAWNVKDLDQMALPPCHILCQFYVFDGKLSCIMYQRSCDLGLGVPFNIASYSIFTHMIAQVCNLQPAQFIHVLGNAHVYNNHIDSLKIQLNRIPYPFPTLKLNPDIKNIEDFTISDFTIQNYVHHEKISMDMAA, 1CY ,CC1(N=C(N=C(N1c2ccc(cc2)Cl)N)N)C,20.25326220770068,20.13547917204429,A16C,Ki,0.1249999999999999
2DOR,MLNTTFANAKFANPFMNASGVHCMTIEDLEELKASQAGAYITKSSTLEKREGNPLPRYVDLELGSINSMGLPNLGFDYYLDYVLKNQKENAQEGPIFFSIAGMSAAENIAMLKKIQESDFSGITELNLSCPNVPGKPQLAYDFEATEKLLKEVFTFFTKPLGVKLPPYFDLVHFDIMAEILNQFPLTYVNSVNSIGNGLFIDPEAESVVIKPKDGFGGIGGAYIKPTALANVRAFYTRLKPEIQIIGTGGIETGQDAFEHLLCGATMLQIGTALHKEGPAIFDRIIKELEEIMNQKGYQSIADFHGKLKSL,2DOR_mt,MLNTTFANAKFANPFMNASGVHCMTIEDLEELKASQAGAYITKSSTLEKREGNPLPRYVDLELGSINSMGLPNLGFDYYLDYVLKNQKENAQEGPIFFSIAGMSAAENIAMLKKIQESDFSGITELNLSCPNVPGKPQLAYDFEATEKLLKEVFTFFTKPLGVKLPPYFDLVHFDIMAEILNQFPLTYVNSVASIGNGLFIDPEAESVVIKPKDGFGGIGGAYIKPTALANVRAFYTRLKPEIQIIGTGGIETGQDAFEHLLCGATMLQIGTALHKEGPAIFDRIIKELEEIMNQKGYQSIADFHGKLKSL, ORO ,C1=C(NC(=O)NC1=O)C(=O)O,10.4482147279778,4.456750180869818,N193A,KD,399.0
1MAR,ASRLLLNNGAKMPILGLGTWKSPPGQVTEAVKVAIDVGYRHIDCAHVYQNENEVGVAIQEKLREQVVKREELFIVSKLWCTYHEKGLVKGACQKTLSDLKLDYLDLYLIHWPTGFKPGKEFFPLDESGNVVPSDTNILDTWAAMEELVDEGLVKAIGISNFNHLQVEMILNKPGLKYKPAVNQIECHPYLTQEKLIQYCQSKGIVVTAYSPLGSPDRPWAKPEDPSLLEDPRIKAIAAKHNKTTAQVLIRFPMQRNLVVIPKSVTPERIAENFKVFDFELSSQDMTTLLSYNRNWRVCALLSCTSHKDYPFHEEF,2PD5,MASRILLNNGAKMPILGLGTWKSPPGQVTEAVKVAIDVGYRHIDCAHIYQNENEVGVAIQEKLREQVVKREELFIVSKLWCTYHEKGLVKGACQKTLSDLKLDYLDLYLIHWPTGFKPGKEFFPLDESGNVVPSDTNILDTWAAMEELVDEGLVKAIGISNFNHLQVEMILNKPGLKYKPAVNQIECHPYLTQEKLIQYCQSKGIVVTAYSPLGSPDRPWAKPEDPSLLEDPRIKAIAAKHNKTTAQVLIRFPMQRNLVVIPKSVTPERIAENFKVFDFELSSQDMTTLLSYNRNWRVCALLSCTSHKDYPFHEEF, ZST ,c1ccc2c(c1)C(=NN(C2=O)Cc3nc4cc(ccc4s3)C(F)(F)F)CC(=O)O,18.62770491338669,17.17020610597501,V47I,KD,3.29520295202952
3AH4,MSQTNANDLRNNEVFFISPSNNTNKVLDKISQSEVKLWNKLSGANQKWRLIYDTNKQAYKIKVMDNTSLILTWNAPLSSVSVKTDTNGDNQYWYLLQNYISRNVIIRNYMNPNLVLQYNIDDTLMVSTQTSSSNQFFKFSNCIYEALNNRNCKLQTQLNSDRFLSKNLNSQIIVLWQWFDSSRQKWIIEYNETKSAYTLKCQENNRYLTWIQNSNNYVETYQSTDSLIQYWNINYLDNDASKYILYNLQDTNRVLDVYNSQIANGTHVIVDSYHGNTNQQWIINLI,3AH4_mt,MSQTNANDLRNNEVFFISPSNNTNKVLDKISQSEVKLWNKLSGANQKWRLIYDTNKQAYKIKVMDNTSLILTWNAPLSSVSVKTDTNGDNQYWYLLQNYISRNVIIRNYMNPNLVLQYNIDDTLMVSTQTSSSNQFFKFSNCIYEALNNRNCKLQTQLNSDRFLSKNLNSQIIVLWQWIDSSRQKWIIEYNETKSAYTLKCQENNRYLTWIQNSNNYVETYQSTDSLIQYWNINYLDNDASKYILYNLQDTNRVLDVYNSQIANGTHVIVDSYHGNTNQQWIINLI, GAL ,C([C@@H]1[C@@H]([C@@H]([C@H]([C@@H](O1)O)O)O)O)O,3.6419958682150857,3.270169119255751,F179I,KD,0.4503816793893129
1G6T,MESLTLQPIARVDGTINLPGSKSVSNRALLLAALAHGKTVLTNLLDSDDVRHMLNALTALGVSYTLSADRTRCEIIGNGGPLHAEGALELFLGNAGTAMRPLAAALCLGSNDIVLTGEPRMKERPIGHLVDALRLGGAKITYLEQENYPPLRLQGGFTGGNVDVDGSVSSQFLTALLMTAPLAPEDTVIRIKGDLVSKPYIDITLNLMKTFGVEIENQHYQQFVVKGGQSYQSPGTYLVEGDASSASYFLAAAAIKGGTVKVTGIGRNSMQGDIRFADVLEKMGATICWGDDYISCTRGELNAIDMDMNHIPDAAMTIATAALFAKGTTTLRNIYNWRVKETDRLFAMATELRKVGAEVEEGHDYIRITPPEKLNFAEIATYNDHRMAMCFSLVALSDTPVTILDPKCTAKTFPDYFEQLARISQAA,3FK0,MESLTLQPIARVDGTINLPGSKSVSNRALLLAALAHGKTVLTNLLDSDDVRHMLNALTALGVSYTLSADRTRCEIIGNGGPLHAEGALELFLGNAGIAMRSLAAALCLGSNDIVLTGEPRMKERPIGHLVDALRLGGAKITYLEQENYPPLRLQGGFTGGNVDVDGSVSSQFLTALLMTAPLAPEDTVIRIKGDLVSKPYIDITLNLMKTFGVEIENQHYQQFVVKGGQSYQSPGTYLVEGDASSASYFLAAAAIKGGTVKVTGIGRNSMQGDIRFADVLEKMGATICWGDDYISCTRGELNAIDMDMNHIPDAAMTIATAALFAKGTTTLRNIYNWRVKETDRLFAMATELRKVGAEVEEGHDYIRITPPEKLNFAEIATYNDHRMAMCFSLVALSDTPVTILDPKCTAKTFPDYFEQLARISQAA, S3P ,C1[C@H]([C@@H]([C@@H](C=C1C(=O)O)OP(=O)(O)O)O)O,9.944309547056385,9.55283068092296,T97I/P101S,Km,0.4791666666666667
4B7N_wt,MNPNQKIITIGSVCMTIGMANLILQIGNIISIWISHSIQLGNQNQIETCNQSVITYENNTWVNQTYVNISNTNFAAGQSVVSVKLAGNSSLCPVSGWAIYSKDNSIRIGSKGDVFVIREPFISCSPLECRTFFLTQGALLNDKHSNGTIKDRSPYRTLMSCPIGEVPSPYNSRFESVAWSASACHDGINWLTIGISGPDNGAVAVLKYNGIITDTIKSWRNNILRTQESECACVNGSCFTVMTDGPSDGQASYKIFRIEKGKIVKSVEMNAPNYHYEECSCYPDSSEITCVCRDNWHGSNRPWVSFNQNLEYQIGYICSGIFGDNPRPNDKTGSCGPVSSNGANGVKGFSFKYGNGVWIGRTKSISSRNGFEMIWDPNGWTGTDNDFSIKQDIVGINEWSGYSGSFVQHPELTGLDCIRPCFWVELIRGRPKENTIWTSGSSISFCGVNSDTVGWSWPDGAELPFTIDK,4B7N,MNPNQKIITIGSVCMTIGMANLILQIGNIISIWISHSIQLGNQNQIETCNQSVITYENNTWVNQTYVNISNTNFAAGQSVVSVKLAGNSSLCPVSGWAIYSKDNSIRIGSKGDVFVIREPFISCSPLECRTFFLTQGALLNDKHSNGTIKDRSPYRTLMSCPIGEVPSPYNSRFESVAWSASACHDGINWLTIGISGPDNGAVAVLKYNGIITDTIKSWRNNRLRTQESECACVNGSCFTVMTDGPSDGQASYKIFRIEKGKIVKSVEMNAPNYHYEECSCYPDSSEITCVCRDNWHGSNRPWVSFNQNLEYQIGYICSGIFGDNPRPNDKTGSCGPVSSNGANGVKGFSFKYGNGVWIGRTKSISSRNGFEMIWDPNGWTGTDNDFSIKQDIVGINEWSGYSGSFVQHPELTGLDCIRPCFWVELIRGRPKENTIWTSGSSISFCGVNSDTVGWSWPDGAELPFTIDK, ZMR ,CC(=O)N[C@@H]1[C@H](C=C(O[C@H]1[C@@H]([C@@H](CO)O)O)C(=O)O)N=C(N)N,22.43806426503834,20.22249054903392,I223R,Ki,8.166666666666666
2I0D,PQITLWKRPLVTIRIGGQLKEALLDTGADDTVLEEMNLPGKWKPKMIGGIGGFIKVRQYDQIPIEICGHKAIGTVLVGPTPVNIIGRNLLTQIGCTLNF,2I0D_mt,PQITLWKRPLVTIRIGGQLKEALLDTGADDTVLEEMNLPGKWKPKMIGGIGGFIKVRQYDQIPIEICGHKAIGTVLVGPTPVNIIGRNLMTQIGCTLNF, MUT ,CC(C)C[N@@](C[C@H]([C@H](Cc1ccccc1)NC(=O)[C@@H]2CN(C(=O)O2)c3cccc(c3)C(=O)C)O)S(=O)(=O)c4ccc(cc4)OC,27.85416466724276,19.5113248629713,L10I/A71V/G73S/I84V/L90M,Ki,4199.0
1J3I,MMEQVCDVFDIYAICACCKVESKNEGKKNEVFNNYTFRGLGNKGVLPWKCNSLDMKYFCAVTTYVNESKYEKLKYKRCKYLNKETVDNVNDMPNSKKLQNVVVMGRTSWESIPKKFKPLSNRINVILSRTLKKEDFDEDVYIINKVEDLIVLLGKLNYYKCFIIGGSVVYQEFLEKKLIKKIYFTRINSTYECDVFFPEINENEYQIISVSDVYTSNNTTLDFIIYKKTNNKMLNEQNCIKGEEKNNDMPLKNDDKDTCHMKKLTEFYKNVDKYKINYEN,1J3I_mt,MMEQVCDVFDIYAICACCKVESKNEGKKNEVFNNYTFRGLGNKGVLPWKCNSLDMKYFCAVTTYVNESKYEKLKYKRCKYLNKETVDNVNDMPNSKKLQNVVVMGRTTWESIPKKFKPLSNRINVILSRTLKKEDFDEDVYIINKVEDLIVLLGKLNYYKCFIIGGSVVYQEFLEKKLIKKIYFTRINSTYECDVFFPEINENEYQIISVSDVYTSNNTTLDFIIYKKTNNKMLNEQNCIKGEEKNNDMPLKNDDKDTCHMKKLTEFYKNVDKYKINYEN, WRA ,CC1(N=C(N=C(N1OCCCOc2cc(c(cc2Cl)Cl)Cl)N)N)C,21.639556568820566,23.025850929940457,S108T,Ki,0.7500000000000001
1GZF,MKGLRKSILCLVLSAGVIAPVTSGMIQSPQKCYAYSINQKAYSNTYQEFTNIDQAKAWGNAQYKKYGLSKSEKEAIVSYTKSASEINGKLRQNKGVINGFPSNLIKQVELLDKSFNKMKTPENIMLFRGDDPAYLGTEFQNTLLNSNGTINKTAFEKAKAKFLNKDRLEYGYISTSLMNVSQFAGRPIITKFKVAKGSKAGYIDPISAFAGQLEMLLPRHSTYHIDDMRLSSDGKQIIITATMMGTAINPK,1GZF_mt,MKGLRKSILCLVLSAGVIAPVTSGMIQSPQKCYAYSINQKAYSNTYQEFTNIDQAKAWGNAQYKKYGLSKSEKEAIVSYTKSASEINGKLRQNKGVINGFPSNLIKQVELLDKSFNKMKTPENIMLFRGDDPAYLGTEFQNTLLNSNGTINKTAFEKAKAKFLNKDRLEYGYISTSLMNVSAFAGRPIITKFKVAKGSKAGYIDPISAFAGQLEMLLPRHSTYHIDDMRLSSDGKQIIITATMMGTAINPK, NAD ,c1cc(c[n+](c1)[C@H]2[C@@H]([C@@H]([C@H](O2)CO[P@@](=O)([O-])O[P@@](=O)(O)OC[C@@H]3[C@H]([C@H]([C@@H](O3)n4cnc5c4ncnc5N)O)O)O)O)C,9.721165995742174,9.498022444427964,Q182A,KD,0.25
1J3I,MMEQVCDVFDIYAICACCKVESKNEGKKNEVFNNYTFRGLGNKGVLPWKCNSLDMKYFCAVTTYVNESKYEKLKYKRCKYLNKETVDNVNDMPNSKKLQNVVVMGRTSWESIPKKFKPLSNRINVILSRTLKKEDFDEDVYIINKVEDLIVLLGKLNYYKCFIIGGSVVYQEFLEKKLIKKIYFTRINSTYECDVFFPEINENEYQIISVSDVYTSNNTTLDFIIYKKTNNKMLNEQNCIKGEEKNNDMPLKNDDKDTCHMKKLTEFYKNVDKYKINYEN,1J3I_mt,MMEQVCDVFDIYAICGCCKVESKNEGKKNEVFNNYTFRGLGNKGVLPWKCNSLDMKYFCAVTTYVNESKYEKLKYKRCKYLNKETVDNVNDMPNSKKLQNVVVMGRTSWESIPKKFKPLSNRINVILSRTLKKEDFDEDVYIINKVEDLIVLLGKLNYYKCFIIGGSVVYQEFLEKKLIKKIYFTRINSTYECDVFFPEINENEYQIISVSDVYTSNNTTLDFIIYKKTNNKMLNEQNCIKGEEKNNDMPLKNDDKDTCHMKKLTEFYKNVDKYKINYEN, WRA ,CC1(N=C(N=C(N1OCCCOc2cc(c(cc2Cl)Cl)Cl)N)N)C,21.639556568820566,20.627955657142085,A16G,Ki,1.75
2Q88,DENKLEELKEQGFARIAIANEPPFTAVGADGKVSGAAPDVAREIFKRLGVADVVASISEYGAMIPGLQAGRHDAITAGLFMKPERCAAVAYSQPILCDAEAFALKKGNPLGLKSYKDIADNPDAKIGAPGGGTEEKLALEAGVPRDRVIVVPDGQSGLKMLQDGRIDVYSLPVLSINDLVSKANDPNVEVLAPVEGAPVYCDGAAFRKGDEALRDAFDVELAKLKESGEFAKIIEPYGFSAKAAMSTTREKLCAAK,2Q88_mt,DENKLEELKEQGFARIAIANEPPFTAVGADGKVSGAAPDVAREIFKRLGVADVVASISEYGAMIPGLQAGRHDAITAGLYMKPERCAAVAYSQPILCDAEAFALKKGNPLGLKSYKDIADNPDAKIGAPGGGTEEKLALEAGVPRDRVIVVPDGQSGLKMLQDGRIDVYSLPVLSINDLVSKANDPNVEVLAPVEGAPVYCDGAAFRKGDEALRDAFDVELAKLKESGEFAKIIEPYGFSAKAAMSTTREKLCAAK, 4CS ,CC1=N[C@@H](CCN1)C(=O)O,13.34550692871854,17.72753356339242,F80Y,KD,0.9875
2GMK,QDWLTFQKKHITNTRDVDCDNIMSTNLFHCKDKNTFIYSRPEPVKAICKGIIASKNVLTTSEFYLSDCNVTSRPCKYKLKKSTNKFCVNCANQAPVHFVGVGSC,2GMK_mt,QDWLTFQKKHITNTRDVDCDNIMSTNLFHCKDKNTFIYSRPEPVKAICKGIIASKNVLTTSEFYLSDCNVTSRPCKYKLKKSTNKFCVNCENQAPVHFVGVGSC, AMP ,c1nc(c2c(n1)n(cn2)[C@H]3[C@@H]([C@@H]([C@H](O3)COP(=O)(O)O)O)O)N,12.507177738314097,12.940041820610372,N89R/A91E,Ki,0.3513513513513513
1NJB_wt,MLEQPYLDLAKKVLDEGHFKPDRTHTGTYSIFGHQMRFDLSKGFPLLTTKKVPFGLIKSELLWFLHGDTNIRFLLQHRNHIWDEWAFEKWVKSDEYHGPDMTDFGHRSQKDPEFAAVYHEEMAKFDDRVLHDDAFAAKYGDLGLVYGSQWRAWHTSKGDTIDQLGDVIEQIKTHPYSRRLIVSAWNPEDVPTMALPPCHTLYQFYVNDGKLSLQLYQRSADIFLGVPFNIASYALLTHLVAHECGLEVGEFIHTFGDAHLYVNHLDQIKEQLSRTPRPAPTLQLNPDKHDIFDFDMKDIKLLNYDPYPAIKAPVAV,1NJB,MLEQPYLDLAKKVLDEGHFKPDRTHTGTYSIFGHQMRFDLSKGFPLLTTKKVPFGLIKSELLWFLHGDTNIRFLLQHRNHIWDEWAFEKWVKSDEYHGPDMTDFGHRSQKDPEFAAVYHEEMAKFDDRVLHDDAFAAKYGDLGLVYGSQWRAWHTSKGDTIDQLGDVIEQIKTHPYSRRLIVSAWNPEDVPTMALPPCHTLYQFYVNDGKLSLQLYQRSADIFLGVPFCIASYALLTHLVAHECGLEVGEFIHTFGDAHLYVNHLDQIKEQLSRTPRPAPTLQLNPDKHDIFDFDMKDIKLLNYDPYPAIKAPVAV, UMP ,C1[C@@H]([C@H](O[C@H]1N2C=CC(=O)NC2=O)COP(=O)(O)O)O,14.78309458422598,13.34550692871854,N229C,KD,3.210526315789474
1IYK,MSGDNTGNKSNSAPSKSIEELLKLLAMGQELSPAQQKEMKDYKFWKTQPVPSLSETVTEEGPIDKLKTPEDVPNDPLPLISDFEWSTLDIDDNLQLDELYKLLYDNYVEDIDATFRFKYSHEFFQWALKPPGWRKDWHVGVRVKSTGKLVAFIAATPVTFKLNKSNKVIDSVEINFLCIHKKLRNKRLAPVLIKEITRRVNKQNIWQALYTGGSILPTPLTTCRYQHRPINWSKLHDVGFSHLPPNQTKSSMVASYTLPNNPKLKGLRPMTGKDVSTVLSLLYKYQERFDIVQLFTEEEFKHWMLGHDENSDSNVVKSYVVEDENGVITDYFSYYLLPFTVLDNAQHDELGIAYLFYYASDSFEKPNYKKRLNELITDALITSKKFGVDVFNCLTCQDNTYFLKDCKFGSGDGFLNYYLFNYRTFPMDGGIDKKTKEVVEDQTSGIGVVLL,1IYK_mt,MSGDNTGNKSNSAPSKSIEELLKLLAMGQELSPAQQKEMKDYKFWKTQPVPSLSETVTEEGPIDKLKTPEDVPNDPLPLISDFEWSTLDIDDNLQLDELYKLLYDNYVEDIDATFRFKYSHEFFQWALKPPGWRKDWHVGVRVKSTGKLVAFIAATPVTFKLNKSNKVIDSVEINFLCIHKKLRNKRLAPVLIKEITRRVNKQNIWQALYTGGSILPTPLTTCRYQARPINWSKLHDVGFSHLPPNQTKSSMVASYTLPNNPKLKGLRPMTGKDVSTVLSLLYKYQERFDIVQLFTEEEFKHWMLGHDENSDSNVVKSYVVEDENGVITDYFSYYLLPFTVLDNAQHDELGIAYLFYYASDSFEKPNYKKRLNELITDALITSKKFGVDVFNCLTCQDNTYFLKDCKFGSGDGFLNYYLFNYRTFPMDGGIDKKTKEVVEDQTSGIGVVLL, MIM ,Cc1nccn1CCCCc2ccc(cc2)CC(=O)N[C@@H](CO)C(=O)N[C@@H](CCCCN)C(=O)NCCC3CCCCC3,15.201804919084164,11.81403055775415,H227A,Ki,28.6
3QFX,MLSLTRILRKKIPVHELAGKISRPPLRPFSVVVASDEKGGIGDGGTIPWEIPEDMQYFRRVTTNLRGKNVKPSPSKRNAVVMGRKTWDSLPPKFRPLSNRLNVVLSRSATKEQLLAGIPDPIKRAEAANDVVAVNGGLEDALRMLVSKEHTSSIETVFCIGGGTIYKQALCAPCVNVLQAIHRTVVRPASNSCSVFFDIPAAGTKTPEGLELVRESITDERVSTGAGGKKYQFEKLVPRNS,3QFX_mt,MLSLTRILRKKIPVHELAGKISRPPLRPFSVVVASDEKGGIGDGGTIPWEIPEDMQYFRRVTTNLRGKNVKPSPSKRNAVVMGRKNWDSLPPKFRPLSNRLNVVLSRSATKEQLLAGIPDPIKRAEAANDVVAVNGGLEDALRMLVSKEHTSSIETVFCIGGGTIYKQALCAPCVNVLQAIHRTVVRPASNSCSVFFDIPAAGTKTPEGLELVRESITDERVSTGAGGKKYQFEKLVPRNS, CP6 ,CCc1c(c(nc(n1)N)N)c2ccc(cc2)Cl,17.536913203783772,15.535880031105656,T86N,Ki,6.3966942148760335
1N7J,MSGADRSPNAGAAPDSAPGQAAVASAYQRFEPRAYLRNNYAPPRGDLCNPNGVGPWKLRCLAQTFATGEVSGRTLIDIGSGPTVYQLLSACSHFEDITMTDFLEVNRQELGRWLQEEPGAFNWSMYSQHACLIEGKGECWQDKERQLRARVKRVLPIDVHQPQPLGAGSPAPLPADALVSAFCLEAVSPDLASFQRALDHITTLLRPGGHLLLIGALEESWYLAGEARLTVVPVSEEEVREALVRSGYKVRDLRTYIMPAHLQTGVDDVKGVFFAWAQKVGL,1N7J_mt,MSGADRSPNAGAAPDSAPGQAAVASAYQRFEPRAYLRNNYAPPRGDLCNPNGAGPWKLRCLAQTFATGEVSGRTLIDIGSGPTVYQLLSACSHFEDITMTDFLEVNRQELGRWLQEEPGAFNWSMYSQHACLIEGKGECWQDKERQLRARVKRVLPIDVHQPQPLGAGSPAPLPADALVSAFCLEAVSPDLASFQRALDHITTLLRPGGHLLLIGALEESWYLAGEARLTVVPVSEEEVREALVRSGYKVRDLRTYIMPAHLQTGVDDVKGVFFAWAQKVGL, IDI ,c1cc2c(cc1I)CNCC2,17.034386382832476,15.85573138649083,V53A,Ki,2.25
1J3I,MMEQVCDVFDIYAICACCKVESKNEGKKNEVFNNYTFRGLGNKGVLPWKCNSLDMKYFCAVTTYVNESKYEKLKYKRCKYLNKETVDNVNDMPNSKKLQNVVVMGRTSWESIPKKFKPLSNRINVILSRTLKKEDFDEDVYIINKVEDLIVLLGKLNYYKCFIIGGSVVYQEFLEKKLIKKIYFTRINSTYECDVFFPEINENEYQIISVSDVYTSNNTTLDFIIYKKTNNKMLNEQNCIKGEEKNNDMPLKNDDKDTCHMKKLTEFYKNVDKYKINYEN,1J3I_mt,MMEQVCDVFDIYAICACCKVESKNEGKKNEVFNNYTFRGLGNKGVLPWKCNSLDMKYFCAVTTYVNESKYEKLKYKRCKYLNKETVDNVNDMPNSKKLQNVVVMGRTTWESIPKKFKPLSNRINVILSRTLKKEDFDEDVYIINKVEDLIVLLGKLNYYKCFIIGGSVVYQEFLEKKLIKKIYFTRINSTYECDVFFPEINENEYQIISVSDVYTSNNTTLDFIIYKKTNNKMLNEQNCIKGEEKNNDMPLKNDDKDTCHMKKLTEFYKNVDKYKINYEN, WRA ,CC1(N=C(N=C(N1OCCCOc2cc(c(cc2Cl)Cl)Cl)N)N)C,21.639556568820566,21.079940780885146,A16V/S108T,Ki,0.7499999999999998
3AJ5,MSQTNANDLRNNEVFFISPSNNTNKVLDKISQSEVKLWNKLSGANQKWRLIYDTNKQAYKIKVMDNTSLILTWNAPLSSVSVKTDTNGDNQYWYLLQNYISRNVIIRNYMNPNLVLQYNIDDTLMVSTQTSSSNQFFKFSNCIYEALNNRNCKLQTQLNSDRFLSKNLNSQIIVLWQWFDSSRQKWIIEYNETKSAYTLKCQENNRYLTWIQNSNNYVETYQSTDSLIQYWNINYLDNDASKYILYNLQDTNRVLDVYNSQIANGTHVIVDSYHGNTNQQWIINLI,3AJ5_mt,MSQTNANDLRNNEVFFISPSNNTNKVLDKISQSEVKLWNKLSGANQKWRLIYDTNKQAYKIKVMDNTSLILTWNAPLSSVSVKTDTNGDNQYWYLLQNYISRNVIIRNYMNPNLVLQYNIDDTLMVSTQTSSSNQFFKFSNCIYEALNNRNCKLQTQLNSDRFLSKNLNSQIIVLWQWFDSSRQKWIIEYNETKSAYTLKCQENNRYLTWIQNSNNYVETYQSTDSLIQYWNINYLDNDASKYILYNLQDTNRVLDVYNSQIANGTHVIVFSYHGNTNQQWIINLI, NGA ,CC(=O)N[C@@H]1[C@H]([C@H]([C@H](O[C@H]1O)CO)O)O,3.5098967985854963,6.725433722188183,W176A/D271F,KD,0.959866220735786
2R38_wt,PQITLWQRPLVTIKIGGQLKEALLDTGADDTVLEEMSLPGRWKPKMIGGIGGFIKVRQYDQILIEICGHKAIGTVLVGPTPVNIIGRNLLTQIGCTLNF,2R38,PQITLWQRPLVTIKIGGQLKEALLDTGADDTVLEEMSLPGRWKPKMIGGIGGFIKVRQYDQILIEICGHKAIGTVLVGPTPVNVIGRNLLTQIGCTLNF, G4G ,c1ccc(cc1)CN([C@H]2CNC[C@@H]2N(Cc3ccccc3)S(=O)(=O)c4ccc(cc4)C(=O)N)S(=O)(=O)c5ccc(cc5)C(=O)N,15.162584205930884,19.442331991484348,I84V,Ki,0.986153846153846
1MPW,TTETIQSNANLAPLPPHVPEHLVFDFDMYNPSNLSAGVQEAWAVLQESNVPDLVWTRCNGGHWIATRGQLIREAYEDYRHFSSECPWIPREAGEAFDFIPTSMDPPEQRQFRALANQVVGMPVVDKLENRIQELACSLIESLRPQGQCNFTEDYAEPFPIRIFMLLAGLPEEDIPHLKYLTDQMTRPDGSMTFAEAKEALYDYLIPIIEQRRQKPGTDAISIVANGQVNGRPITSDEAKRMCGLLLLGGLDTVVNFLSFSMEFLAKSPEHRQELIERPERIPAACEELLRRFSLVADGRILTSDYEFHGVQLKKGDQILLPQMLSGLDERENAAPMHVDFSRQKVSHTTFGHGSHLCLGQHLARREIIVTLKEWLTRIPDFSIAPGAQIQHKSGIVSGVQALPLVWDPATTKAV,1MPW_mt,TTETIQSNANLAPLPPHVPEHLVFDFDMYNPSNLSAGVQEAWAVLQESNVPDLVWTRCNGGHWIATRGQLIREAYEDYRHFSSECPWIPREAGEAFDFIPTSMDPPEQRQFRALANQVVGMPVVDKLENRIQELACSLIESLRPQGQCNFTEDYAEPFPIRIFMLLAGLPEEDIPHLKYLTDQMTRPDGSMTFAEAKEALYDYLIPIIEQRRQKPGTDAISIVANGQVNGRPITSDEAKRMCGLLLVGGLDTVVNFLSFSMEFLAKSPEHRQELIERPERIPAACEELLRRFSLVADGRILTSDYEFHGVQLKKGDQILLPQMLSGLDERENAAPMHVDFSRQKVSHTTFGHGSHLCLGQHLARREIIVTLKEWLTRIPDFSIAPGAQIQHKSGIVSGVQALPLVWDPATTKAV, TMH ,CC1=CC[C@@H]2C[C@H]1C2(C)C,15.01948336229021,15.935774094164366,W87A/L247V,KD,0.6
1MAR,ASRLLLNNGAKMPILGLGTWKSPPGQVTEAVKVAIDVGYRHIDCAHVYQNENEVGVAIQEKLREQVVKREELFIVSKLWCTYHEKGLVKGACQKTLSDLKLDYLDLYLIHWPTGFKPGKEFFPLDESGNVVPSDTNILDTWAAMEELVDEGLVKAIGISNFNHLQVEMILNKPGLKYKPAVNQIECHPYLTQEKLIQYCQSKGIVVTAYSPLGSPDRPWAKPEDPSLLEDPRIKAIAAKHNKTTAQVLIRFPMQRNLVVIPKSVTPERIAENFKVFDFELSSQDMTTLLSYNRNWRVCALLSCTSHKDYPFHEEF,2PDI,MASRILLNNGAKMPILGLGTWKSPPGQVTEAVKVAIDVGYRHIDCAHVYQNENEVGVAIQEKLREQVVKREELFIVSKLWCTYHEKGLVKGACQKTLSDLKLDYLDLYLIHWPTGFKPGKEFFPLDESGNVVPSDTNILDTWAAMEELVDEGLVKAIGISNFNHLQVEMILNKPGLKYKPAVNQIECHPYLTQEKLIQYCQSKGIVVTAYSPLGSPDRPWAKPEDPSLLEDPRIKAIAAKHNKTTAQVLIRFPMQRNLVVIPKSVTPERIAENFKVFDFELSSQDMTTLLSYNRNWRVCAALSCTSHKDYPFHEEF, ZST ,c1ccc2c(c1)C(=NN(C2=O)Cc3nc4cc(ccc4s3)C(F)(F)F)CC(=O)O,18.62770491338669,16.805857359241926,L300A,KD,5.183271832718327
2PGZ,HSQANLMRLKSDLFNRSPMYPGPTKDDPLTVTLGFTLQDIVKADSSTNEVDLVYYEQQRWKLNSLMWDPNEYGNITDFRTSAADIWTPDITAYSSTRPVQVLSPQIAVVTHDGSVMFIPAQRLSFMCDPTGVDSEEGATCAVKFGSWVYSGFEIDLKTDTDQVDLSSYYASSKYEILSATQTRQVQHYSCCPEPYIDVNLVVKFRERRAGNGFFRNLFDSR,2PGZ_mt,HSQANLMRLKSDLFNRSPMYPGPTKDDPLTVTLGFTLQDIVKADSSTNEVDLVYYEQQRWKLNSLMWDPNEYGNITDFRTSAADIWTPDITAYSSTRPVQVLSPQIAVVTHDGSVMFIPAQRLSFMCDPTGVDSEEGATCAVKFGSWVYSGFEIDLKTDTDQVDLSSYYASSKYEILSATQTRQVQHYSCAPEPYIDVNLVVKFRERRAGNGFFRNLFDSR, COC ,C[N@]1[C@H]2CC[C@@H]1[C@H]([C@H](C2)OC(=O)c3ccccc3)C(=O)OC,13.227723893062157,13.073573213234896,C190A/C191A,KD,0.1666666666666666
3AM3,MNKISQRLLFLFLHFYTTVCFIQNNTQKTFHNVLQNEQIRGKEKAFYRKEKRENIFIGNKMKHVHNMNNTHNNNHYMEKEEQDASNINKIKEENKNEDICFIAGIGDTNGYGWGIAKELSKRNVKIIFGIWPPVYNIFMKNYKNGKFDNDMIIDKDKKMNILDMLPFDASFDTANDIDEETKNNKRYNMLQNYTIEDVANLIHQKYGKINMLVHSLANAKEVQKDLLNTSRKGYLDALSKSSYSLISLCKYFVNIMKPQSSIISLTYHASQKVVPGYGGGMSSAKAALESDTRVLAYHLGRNYNIRINTISAGPLKSRAATAINKLNNTYENNTNQNKNRNRHDVHNIMNNSGEKEEKKISASQNYTFIDYMIEYSEKYAPLRQKLLSTDIGSVASFLLSRESRAITGQTIYVDNGLNIMFLPDDIYRNENE,3AM3_mt,MNKISQRLLFLFLHFYTTVCFIQNNTQKTFHNVLQNEQIRGKEKAFYRKEKRENIFIGNKMKHVHNMNNTHNNNHYMEKEEQDASNINKIKEENKNEDICFIAGIGDTNGYGWGIAKELSKRNVKIIFGIWPPVYNIFMKNYKNGKFDNDMIIDKDKKMNILDMLPFDASFDTANDIDEETKNNKRYNMLQNYTIEDVANLIHQKYGKINMLVHSLANAKEVQKDLLNTSRKGYLDALSKSSYSLISLCKYFVNIMKPQSSIISLTYHASQKVVPGYGGGMSSAKAALESDTRVLAYHLGRNYNIRINTISAGPLKSRAATAINKLNNTYENNTNQNKNRNRHDVHNIMNNSGEKEEKKISASQNYTFIDYVIEYSEKYAPLRQKLLSTDIGSVASFLLSRESRAITGQTIYVDNGLNIMFLPDDIYRNENE, TCL ,c1cc(c(cc1Cl)O)Oc2ccc(cc2Cl)Cl,17.391061326771208,17.832894079050245,M372V,Ki,0.3571428571428571
1TPZ,MGQLFSSPKSDENNDLPSSFTGYFKKFNTGRKIISQEILNLIELRMRKGNIQLTNSAISDALKEIDSSVLNVAVTGETGSGKSSFINTLRGIGNEEEGAAKTGVVEVTMERHPYKHPNIPNVVFWDLPGIGSTNFPPDTYLEKMKFYEYDFFIIISATRFKKNDIDIAKAISMMKKEFYFVRTKVDSDITNEADGKPQTFDKEKVLQDIRLNCVNTFRENGIAEPPIFLLSNKNVCHYDFPVLMDKLISDLPIYKRHNFMVSLPNITDSVIEKKRQFLKQRIWLEGFAADLVNIIPSLTFLLDSDLETLKKSMKFYRTVFGVDETSLQRLARDWEIEVDQVEAMIKSPAVFKPTDEETIQERLSRYIQEFCLANGYLLPKNSFLKEIFYLKYYFLDMVTEDAKTLLKEICLKLGRLERPHRD,1TQ4,MGQLFSSPKSDENNDLPSSFTGYFKKFNTGRKIISQEILNLIELRMRAGNIQLTNSAISDALKEIDSSVLNVAVTGETGSGKSSFINTLRGIGNEEEGAAKTGVVEVTMERHPYKHPNIPNVVFWDLPGIGSTNFPPDTYLEKMKFYEYDFFIIISATRFKKNDIDIAKAISMMKKEFYFVRTKVDSDITNEADGEPQTFDKEKVLQDIRLNCVNTFRENGIAEPPIFLLSNKNVCHYDFPVLMDKLISDLPIYKRHNFMVSLPNITDSVIEKKRQFLKQRIWLEGFAADLVNIIPSLTFLLDSDLETLKKSMKFYRTVFGVDETSLQRLARDWEIEVDQVEAMIKSPAVFKPTDEETIQERLSRYIQEFCLANGYLLPKNSFLKEIFYLKYYFLDMVTEDAKTLLKEICLRN, GDP ,c1nc2c(n1[C@H]3[C@@H]([C@@H]([C@H](O3)CO[P@](=O)(O)OP(=O)(O)O)O)O)N=C(NC2=O)N,14.261797660592691,14.261797660592691,K48A,KD,0.0
2INE,ASRLLLNNGAKMPILGLGTWKSPPGQVTEAVKVAIDVGYRHIDCAHVYQNENEVGVAIQEKLREQVVKREELFIVSKLWCTYHEKGLVKGACQKTLSDLKLDYLDLYLIHWPTGFKPGKEFFPLDESGNVVPSDTNILDTWAAMEELVDEGLVKAIGISNFNHLQVEMILNKPGLKYKPAVNQIECHPYLTQEKLIQYCQSKGIVVTAYSPLGSPDRPWAKPEDPSLLEDPRIKAIAAKHNKTTAQVLIRFPMQRNLVVIPKSVTPERIAENFKVFDFELSSQDMTTLLSYNRNWRVCALLSCTSHKDYPFHEEF,2ISF,ASRLLLNNGAKMPILGLGTWKSPPGQVTEAVKVAIDVGYRHIDCAHVYQNENEVGVAIQEKLREQVVKREELFIVSKLWCTYHEKGLVKGACQKTLSDLKLDYLDLYLIHWPTGFKPGKEFFPLDESGNVVPSDTNILDTWAAMEELVDEGLVKAIGISNFNHLQVEMILNKPGLKYKPAVNQIECHPYLTQEKLIQYCQSKGIVVTAYSPLGSPDRPYAKPEDPSLLEDPRIKAIAAKHNKTTAQVLIRFPMQRNLVVIPKSVTPERIAENFKVFDFELSSQDMTTLLSYNRNWRVAALLSCTSHKDYPFHEEF, PAC ,c1ccc(cc1)CC(=O)O,9.251162366496438,7.929406526514119,C298A/W219Y,Ki,2.75
3QGT,MMEQVCDVFDIYAICACCKVESKNEGKKNEVFNNYTFRGLGNKGVLPWKCNSLDMKYFCAVTTYVNESKYEKLKYKRCKYLNKETVDNVNDMPNSKKLQNVVVMGRTSWESIPKKFKPLSNRINVILSRTLKKEDFDEDVYIINKVEDLIVLLGKLNYYKCFIIGGSVVYQEFLEKKLIKKIYFTRINSTYECDVFFPEINENEYQIISVSDVYTSNNTTLDFIIYKKTNNKMLNEQNCIKGEEKNNDMPLKNDDKDTCHMKKLTEFYKNVDKYKINYENDDDDEEEDDFVYFNFNKEKEEKNKNSIHPNDFQIYNSLKYKYHPEYQYLNIIYDIMMNGNKQSDRTGVGVLSKFGYIMKFDLSQYFPLLTTKKLFLRGIIEELLWFIRGETNGNTLLNKNVRIWEANGTREFLDNRKLFHREVNDLGPIYGFQWRHFGAEYTNMYDNYENKGVDQLKNIINLIKNDPTSRRILLCAWNVKDLDQMALPPCHILCQFYVFDGKLSCIMYQRSCDLGLGVPFNIASYSIFTHMIAQVCNLQPAQFIHVLGNAHVYNNHIDSLKIQLNRIPYPFPTLKLNPDIKNIEDFTISDFTIQNYVHHEKISMDMAA,3UM5,MMEQVCDVFDIYAICVCCKVESKNEGKKNEVFNNYTFRGLGNKGVLPWKCNSLDMKYFCAVTTYVNESKYEKLKYKRCKYLNKETVDNVNDMPNSKKLQNVVVMGRTTWESIPKKFKPLSNRINVILSRTLKKEDFDEDVYIINKVEDLIVLLGKLNYYKCFIIGGSVVYQEFLEKKLIKKIYFTRINSTYECDVFFPEINENEYQIISVSDVYTSNNTTLDFIIYKKTNNKMLNEQNCIKGEEKNNDMPLKNDDKDTCHMKKLTEFYKNVDKYKINYENDDDDEEEDDFVYFNFNKEKEEKNKNSIHPNDFQIYNSLKYKYHPEYQYLNIIYDIMMNGNKQSDRTGVGVLSKFGYIMKFDLSQYFPLLTTKKLFLRGIIEELLWFIRGETNGNTLLNKNVRIWEANGTREFLDNRKLFHREVNDLGPIYGFQWRHFGAEYTNMYDNYENKGVDQLKNIINLIKNDPTSRRILLCAWNVKDLDQMALPPCHILCQFYVFDGKLSCIMYQRSCDLGLGVPFNIASYSIFTHMIAQVCNLQPAQFIHVLGNAHVYNNHIDSLKIQLNRIPYPFPTLKLNPDIKNIEDFTISDFTIQNYVHHEKISMDMAA, CP6 ,CCc1c(c(nc(n1)N)N)c2ccc(cc2)Cl,21.234091460712403,21.234091460712403,A16V/S108T,Ki,0.0
1XJB,MDSKYQCVKLNDGHFMPVLGFGTYAPAEVPKSKALEAVKLAIEAGFHHIDSAHVYNNEEQVGLAIRSKIADGSVKREDIFYTSKLWSNSHRPELVRPALERSLKNLQLDYVDLYLIHFPVSVKPGEEVIPKDENGKILFDTVDLCATWEAMEKCKDAGLAKSIGVSNFNHRLLEMILNKPGLKYKPVCNQVECHPYFNQRKLLDFCKSKDIVLVAYSALGSHREEPWVDPNSPVLLEDPVLCALAKKHKRTPALIALRYQLQRGVVVLAKSYNEQRIRQNVQVFEFQLTSEEMKAIDGLNRNVRYLTLDIFAGPPNYPFSDEY,1XJB_mt,MDSKYQCVKLNDGHFMPVLGFGTYAPAEVPKSKALEAVKLAIEAGFHHIDSAHVYNNEEQVGLAIRSKIADGSVKREDIFYTSKLWSNSHRPELVRPALERSLKNLQLDYVDLYLIHFPVSVKPGEEVIPKDENGKILFDTVDLCATWEAMEKCKDAGLAKSIGVSNFNHRLLEMILNKPGLKYKPVCNQVECHPYFNQRKLLDFCKSKDIVLVAYSALGSHREEPWVDPNSPVLLEDPVLCALAKKHKRTPALIALRYQLQRGVVVLAKSYNEQRIRQNVQVFEFQLTSEEMKAIDGLNRNVLYLTLDIFAGPPNYPFSDEY, NAP ,c1cc(c[n+](c1)[C@H]2[C@@H]([C@@H]([C@H](O2)CO[P@@](=O)([O-])O[P@](=O)(O)OC[C@@H]3[C@H]([C@H]([C@@H](O3)n4cnc5c4ncnc5N)OP(=O)(O)O,13.94334392947416,13.261625444737836,R304L,KD,0.9772727272727272
2HDK_wt,ASSSFKAADLQLEMTQKPHKKPGPGEPLVFGKTFTDHMLMVEWNDKGWGQPRIQPFQNLTLHPASSSLHYSLQLFEGMKAFKGKDQQVRLFRPWLNMDRMLRSAMRLCLPSFDKLELLECIRRLIEVDKDWVPDAAGTSLYVRPVLIGNEPSLGVSQPRRALLFVILCPVGAYFPGGSVTPVSLLADPAFIRAWVGGVGNYKLGGNYGPTVLVQQEALKRGCEQVLWLYGPDHQLTEVGTMNIFVYWTHEDGVLELVTPPLNGVILPGVVRQSLLDMAQTWGEFRVVERTITMKQLLRALEEGRVREVFGSGTAAQVCPVHRILYKDRNLHIPTMENGPELILRFQKELKEIQYGIRAHEWMFPV,2HDK,ASSSFKAADLQLEMTQKPHKKPGPGEPLVFGKTFTDHMLMVEWNDKGWGQPRIQPFQNLTLHPASSSLHYSLQLFEGMKAFKGKDQQVRLFRPWLNMDRMLRSAMRLCLPSFDKLELLECIRRLIEVDKDWVPDAAGTSLYVRPVLIGNEPSLGVSQPRRALLFVILCPVGAYFPGGSVTPVSLLADPAFIRAWVGGVGNYKLGGNYGPTVLVQQEALKRGCEQVLWLYGPDHQLTEVGTMNIFVYWTHEDGVLELVTPPLNGVILPGVVRQSLLDMAQTWGEFRVVERTITMKQLLRALEEGRVREVFGSGTAAQVAPVHRILYKDRNLHIPTMENGPELILRFQKELKEIQYGIRAHEWMFPV, COI ,CC(C)CC(=O)C(=O)O,8.111728083308073,5.099466507802871,C315A/C318A,KD,19.33333333333333
3NU3,PQITLWKRPLVTIKIGGQLKEALLDTGADDTVIEEMSLPGRWKPKMIGGIGGFIKVRQYDQIIIEIAGHKAIGTVLVGPTPVNIIGRNLLTQIGATLNF,3NU4,PQITLWKRPLVTIKIGGQLKEALLDTGADDTIIEEMSLPGRWKPKMIGGIGGFIKVRQYDQIIIEIAGHKAIGTVLVGPTPVNIIGRNLLTQIGATLNF, 478 ,CC(C)C[N@](C[C@H]([C@H](Cc1ccccc1)NC(=O)O[C@H]2CCOC2)O)S(=O)(=O)c3ccc(cc3)N,22.620385821832294,20.317800728838247,V32I,Ki,9.000000000000002
3DT7,GSMPPQLHNGLDFSAKVIQGSLDSLPQEVRKFVEGNAQLCQPEYIHICDGSEEEYGRLLAHMQEEGVIRKLKKYDNCWLALTDPRDVARIESKTVIITQEQRDTVPIPKSGQSQLGRWMSEEDFEKAFNARFPGCMKGRTMYVIPFSMGPLGSPLAKIGIELTDSPYVVASMRIMTRMGTSVLEALGDGEFIKCLHSVGCPLPLKKPLVNNWACNPELTLIAHLPDRREIISFGSGYGGNSLLGKKCFALRIASRLAKEEGWLAEHMLILGITNPEGKKKYLAAAFPSACGKTNLAMMNPTLPGWKVECVGDDIAWMKFDAQGNLRAINPENGFFGVAPGTSVKTNPNAIKTIQKNTIFTNVAETSDGGVYWEGIDEPLAPGVTITSWKNKEWRPQDEEPCAHPNSRFCTPASQCPIIDPAWESPEGVPIEGIIFGGRRPAGVPLVYEALSWQHGVFVGAAMRSEATAAAEHKGKVIMHDPFAMRPFFGYNFGKYLAHWLSMAHRPAAKLPKIFHVNWFRKDKNGKFLWPGFGENSRVLEWMFGRIEGEDSAKLTPIGYVPKEDALNLKGLGDVNVEELFGISKEFWEKEVEEIDKYLEDQVNADLPYEIERELRALKQRISQM,3MOE,GSMPPQLHNGLDFSAKVIQGSLDSLPQEVRKFVEGNAQLCQPEYIHICDGSEEEYGRLLAHMQEEGVIRKLKKYDNCWLALTDPRDVARIESKTVIITQEQRDTVPIPKSGQSQLGRWMSEEDFEKAFNARFPGCMKGRTMYVIPFSMGPLGSPLAKIGIELTDSPYVVASMRIMTRMGTSVLEALGDGEFIKCLHSVGCPLPLKKPLVNNWACNPELTLIAHLPDRREIISFGSGYGGNSLLGKKCFALRIASRLAKEEGWLAEHMLILGITNPEGKKKYLAAAFPSACGKTNLAMMNPTLPGWKVECVGDDIAWMKFDAQGNLRAINPENGFFGVAPGTSVKTNPNAIKTIQKNTIFTNVAETSDGGVYWEGIDEPLAPGVTITSWKNKEWRPQDEEPCAHPNSRFCTPASQCPIIDPAWESPEGVPIEGIIFGGRRPAGVPLVYEALSWQHGVFVGAAMRSEATAGAEHKGKVIMHDPFAMRPFFGYNFGKYLAHWLSMAHRPAAKLPKIFHVNWFRKDKNGKFLWPGFGENSRVLEWMFGRIEGEDSAKLTPIGYVPKEDALNLKGLGDVNVEELFGISKEFWEKEVEEIDKYLEDQVNADLPYEIERELRALKQRISQM, SPV ,C(C(=O)C(=O)O)S(=O)(=O)O,10.557414019942792,9.903487552536127,A467G,KD,0.9230769230769232
3OKC,MSASRKTLVVTNDFPPRIGGIQSYLRDFIATQDPESIVVFASTQNAEEAHAYDKTLDYEVIRWPRSVMLPTPTTAHAMAEIIREREIDNVWFGAAAPLALMAGTAKQAGASKVIASTHGHEVGWSMLPGSRQSLRKIGTEVDVLTYISQYTLRRFKSAFGSHPTFEHLPSGVDVKRFTPATPEDKSATRKKLGFTDTTPVIACNSRLVPRKGQDSLIKAMPQVIAARPDAQLLIVGSGRYESTLRRLATDVSQNVKFLGRLEYQDMINTLAAADIFAMPARTRGGGLDVEGLGIVYLEAQACGVPVIAGTSGGAPETVTPATGLVVEGSDVDKLSELLIELLDDPIRRAAMGAAGRAHVEAEWSWEIMGERLTNILQSEPRKLAAALEHHHHHH,3OKC_mt,MSASRKTLVVTNDFPPRIGGIQSYLRDFIATQDPESIVVFASTQNAEEAHAYDKTLDYEVIRWPRSVMLPTPTTAHAMAEIIREREIDNVWFGAAAPLALMAGTAKQAGASKVIASTSGHEVGWSMLPGSRQSLRKIGTEVDVLTYISQYTLRRFKSAFGSHPTFEHLPSGVDVKRFTPATPEDKSATRKKLGFTDTTPVIACNSRLVPRKGQDSLIKAMPQVIAARPDAQLLIVGSGRYESTLRRLATDVSQNVKFLGRLEYQDMINTLAAADIFAMPARTRGGGLDVEGLGIVYLEAQACGVPVIAGTSGGAPETVTPATGLVVEGSDVDKLSELLIELLDDPIRRAAMGAAGRAHVEAEWSWEIMGERLTNILQSEPRKLAAALEHHHHHH, GDP ,c1nc2c(n1[C@H]3[C@@H]([C@@H]([C@H](O3)CO[P@](=O)(O)OP(=O)(O)O)O)O)N=C(NC2=O)N,10.218198297375828,10.839980991727804,H118S,KD,0.4630136986301369
3FS6,VGSLNCIVAVSQNMGIGKNGDLPWPPLRNEFRYFQRMTTTSSVEGKQNLVIMGKKTWFSIPEKNRPLKGRINLVLSRELKEPPQGAHFLSRSLDDALKLTEQPELANKVDMVWIVGGSSVYKEAMNHPGHLKLFVTRIMQDFESDTFFPEIDLEKYKLLPEYPGVLSDVQEEKGIKYKFEVYEKND,3F8Z,MVGSLNCIVAVSQNMGIGKNGDLPWPPLRNEFRYFSRMTTTSSVEGKQNLVIMGKKTWFSIPEKSRPLKGRINLVLSRELKEPPQGAHFLSRSLDDALKLTEQPELANKVDMVWIVGGSSVYKEAMNHPGHLKLFVTRIMQDFESDTFFPEIDLEKYKLLPEYPGVLSDVQEEKGIKYKFEVYEKND, DH1 ,COc1ccc(cc1Cc2cnc(nc2N)N)OCCCCC(=O)O,15.285186528023216,16.533611094919987,Q35S/N64S,Ki,0.7130434782608696
2CA8,MTGDHIKVIYFNGRGRAESIRMTLVAAGVNYEDERISFQDWPKIKPTIPGGRLPAVKITDNHGHVKWMVESLAIARYMAKKHHMMGGTEEEYYNVEKLIGQAEDLEHEYYKTLMKPEEEKQKIIKEILNGKVPVLLDIICESLKASTGKLAVGDKVTLADLVLIAVIDHVTDLDKEFLTGKYPEIHKHRENLLASSPRLAKYLSDRAATPF,2CAQ,MTGDHIKVIYFNGRGRAESILMTLVAAGVNYEDERISFQDWPKIKPTIPGGRLPAVKITDNHGHVKWMVESLAIARYMAKKHHMMGGTEEEYYNVEKLIGQAEDLEHEYYKTLMKPEEEKQKIIKEILNGKVPVLLDIICESLKASTGKLAVGDKVTLADLVLIAVIDHVTDLDKEFLTGKYPEIHKHRENLLASSPRLAKYLSDRAATPF, GSH ,C(CC(=O)N[C@@H](CS)C(=O)NCC(=O)O)[C@@H](C(=O)O)N,10.724468104605958,8.163021377695623,R21L,KD,11.954545454545457
3OKP,MSASRKTLVVTNDFPPRIGGIQSYLRDFIATQDPESIVVFASTQNAEEAHAYDKTLDYEVIRWPRSVMLPTPTTAHAMAEIIREREIDNVWFGAAAPLALMAGTAKQAGASKVIASTHGHEVGWSMLPGSRQSLRKIGTEVDVLTYISQYTLRRFKSAFGSHPTFEHLPSGVDVKRFTPATPEDKSATRKKLGFTDTTPVIACNSRLVPRKGQDSLIKAMPQVIAARPDAQLLIVGSGRYESTLRRLATDVSQNVKFLGRLEYQDMINTLAAADIFAMPARTRGGGLDVEGLGIVYLEAQACGVPVIAGTSGGAPETVTPATGLVVEGSDVDKLSELLIELLDDPIRRAAMGAAGRAHVEAEWSWEIMGERLTNILQSEPRKLAAALEHHHHHH,3OKP_mt,MSASRKTLVVTNDFPPRIGGIQSYLRDFIATQDPESIVVFASTQNAEEAHAYDKTLDYEVIRWPRSVMLPTPTTAHAMAEIIREREIDNVWFGAAAPLALMAGTAKQAGASKVIASTHGHEVGWSMLPGSRQSLRKIGTEVDVLTYISQYTLRRFKSAFGSHPTFEHLPSGVDVKRFTPATPEDKSATRKKLGFTDTTPVIACNGRLVPRKGQDSLIKAMPQVIAARPDAQLLIVGSGRYESTLRRLATDVSQNVKFLGRLEYQDMINTLAAADIFAMPARTRGGGLDVEGLGIVYLEAQACGVPVIAGTSGGAPETVTPATGLVVEGSDVDKLSELLIELLDDPIRRAAMGAAGRAHVEAEWSWEIMGERLTNILQSEPRKLAAALEHHHHHH, GDD ,c1nc2c(n1[C@H]3[C@@H]([C@@H]([C@H](O3)CO[P@](=O)(O)O[P@](=O)(O)O[C@@H]4[C@H]([C@H]([C@@H]([C@H](O4)CO)O)O)O)O)O)N=C(NC2=O)N,10.871071578797832,10.886987034103733,S205G,KD,0.0157894736842105
2JDM_wt,ATQGVFTLPANTRFGVTAFANSSGTQTVNVLVNNETAATFSGQSTNNAVIGTQVLNSGSSGKVQVQVSVNGRPSDLVSAQVILTNELNFALVGSEDGTDNDYNDAVVVINWPLG,2JDM,ATQGVFTLPANTRFGVTAFANASGTQTVNVLVNNETAATFSGQSTNNAVIGTQVLNSGSSGKVQVQVSVNGRPSDLVSAQVILTNELNFALVGSEDGTDNDYNDAVVVINWPLG, MFU ,C[C@H]1[C@H]([C@H]([C@@H]([C@@H](O1)OC)O)O)O,14.659480628258803,12.439266532697886,S22A,KD,8.209302325581396
2Q54,PQITLWKRPLVTIRIGGQLKEALLDTGADDTVLEEMNLPGKWKPKMIGGIGGFIKVRQYDQIPIEICGHKAIGTVLVGPTPVNIIGRNLLTQIGCTLNF,2Q54_mt,PQITLWKRPLVTIRIGGQLKEALLDTGADDTVLEEMNLPGKWKPKMIGGIGGFIKVRQYDQIPIEICGHKAIGTVLVGPTPVNIIGRDLLTQIGCTLNF, MU1 ,CC(C)[C@@H](C(=O)N[C@@H](Cc1ccccc1)C[C@@H]([C@H](Cc2ccccc2)NC(=O)[C@@H]3CN(C(=O)O3)c4cccc(c4)C(=O)C)O)NC(=O)C,20.74346854426393,20.210442210517748,D30N/N88D,Ki,0.7040816326530612
1YON,MKITVLGCGALGQLWLTALCKQGHEVQGWLRVPQPYCSVNLVETDGSIFNESLTANDPDFLATSDLLLVTLKAWQVSDAVKSLASTLPVTTPILLIHNGMGTIEELQNIQQPLLMGTTTHAARRDGNVIIHVANGITHIGPARQQDGDYSYLADILQTVLPDVAWHNNIRAELWRKLAVNCVINPLTAIWNCPNGELRHHPQEIMQICEEVAAVIEREGHHTSAEDLRDYVMQVIDATAENISSMLQDIRALRHTEIDYINGFLLRRARAHGIAVPENTRLFEMVKRKESEYERIGTGLPRPW,1YON_mt,MKITVLGCGALGQLWLTALCKQGHEVQGWLRVPQPYCSVNLVETDGSIFNESLTANDPDFLATSDLLLVTLKAWQVSDAVKSLASTLPVTTPILLIHAGMGTIEELQNIQQPLLMGTTTHAARRDGNVIIHVANGITHIGPARQQDGDYSYLADILQTVLPDVAWHNNIRAELWRKLAVNCVINPLTAIWNCPNGELRHHPQEIMQICEEVAAVIEREGHHTSAEDLRDYVMQVIDATAENISSMLQDIRALRHTEIDYINGFLLRRARAHGIAVPENTRLFEMVKRKESEYERIGTGLPRPW, APX ,c1nc2c(n1[C@H]3[C@@H]([C@@H]([C@H](O3)CO[P@](=O)(O)O[P@](=O)(O)OC[C@@H]4[C@H]([C@H]([C@@H](O4)O)O)O)O)OP(=O)(O)O)[NH2+]CNC2N,8.368773186297965,8.89552963213615,N98A,KD,0.4094827586206896
1N49_wt,PQITLWKRPLVTIRIGGQLKEALLNTGADDTVLEEMNLPGKWKPKMIGGIGGFIKVRQYDQIPVEICGHKAIGTVLVGPTPVNIIGRNLLTQIGCTLNF,1N49,PQITLWKRPLVTIRIGGQLKEALLNTGADDTVLEEMNLPGKWKPKMIGGIGGFIKVRQYDQIPVEICGHKAIGTVLVGPTPANIIGRNLLTQIGCTLNF, RIT ,CC(C)c1nc(cs1)CN(C)C(=O)N[C@@H](C(C)C)C(=O)N[C@@H](Cc2ccccc2)C[C@@H]([C@H](Cc3ccccc3)NC(=O)OCc4cncs4)O,24.922970914826337,22.843529373146502,D25N/V82A,Ki,7.0
3FS6,VGSLNCIVAVSQNMGIGKNGDLPWPPLRNEFRYFQRMTTTSSVEGKQNLVIMGKKTWFSIPEKNRPLKGRINLVLSRELKEPPQGAHFLSRSLDDALKLTEQPELANKVDMVWIVGGSSVYKEAMNHPGHLKLFVTRIMQDFESDTFFPEIDLEKYKLLPEYPGVLSDVQEEKGIKYKFEVYEKND,3FS6_mt,VGSLNCIVAVSQNMGIGKNGDLPWPPLRNEFRYFSRMTTTSSVEGKQNLVIMGKKTWFSIPEKNRPLKGRINLVLSRELKEPPQGAHFLSRSLDDALKLTEQPELANKVDMVWIVGGSSVYKEAMNHPGHLKLFVTRIMQDFESDTFFPEIDLEKYKLLPEYPGVLSDVQEEKGIKYKFEVYEKND, DH1 ,COc1ccc(cc1Cc2cnc(nc2N)N)OCCCCC(=O)O,15.285186528023216,14.865332682462952,Q35S,Ki,0.5217391304347826
3OXC,PQITLWKRPLVTIKIGGQLKEALLDTGADDTVIEEMSLPGRWKPKMIGGIGGFIKVRQYDQIIIEIAGHKAIGTVLVGPTPVNIIGRNLLTQIGATLNF,3D1Y,PQITLWKRPLVTIKIGGQLKEALLDTGADDTVIEEMSLPGRWKPKMIGGIGGFVKVRQYDQIIIEIAGHKAIGTVLVGPTPVNIIGRNLLTQIGATLNF, ROC ,CC(C)(C)NC(=O)[C@@H]1C[C@@H]2CCCC[C@@H]2C[N@]1C[C@H]([C@H](Cc3ccccc3)NC(=O)[C@H](CC(=O)N)NC(=O)c4ccc5ccccc5n4)O,21.59076640465113,18.93150636771836,I54V,Ki,13.285714285714286
3DT4,GSMPPQLHNGLDFSAKVIQGSLDSLPQEVRKFVEGNAQLCQPEYIHICDGSEEEYGRLLAHMQEEGVIRKLKKYDNCWLALTDPRDVARIESKTVIITQEQRDTVPIPKSGQSQLGRWMSEEDFEKAFNARFPGCMKGRTMYVIPFSMGPLGSPLAKIGIELTDSPYVVASMRIMTRMGTSVLEALGDGEFIKCLHSVGCPLPLKKPLVNNWACNPELTLIAHLPDRREIISFGSGYGGNSLLGKKCFALRIASRLAKEEGWLAEHMLILGITNPEGKKKYLAAAFPSACGKTNLAMMNPTLPGWKVECVGDDIAWMKFDAQGNLRAINPENGFFGVAPGTSVKTNPNAIKTIQKNTIFTNVAETSDGGVYWEGIDEPLAPGVTITSWKNKEWRPQDEEPCAHPNSRFCTPASQCPIIDPAWESPEGVPIEGIIFGGRRPAGVPLVYEALSWQHGVFVGAAMRSEATAAAEHKGKVIMHDPFAMRPFFGYNFGKYLAHWLSMAHRPAAKLPKIFHVNWFRKDKNGKFLWPGFGENSRVLEWMFGRIEGEDSAKLTPIGYVPKEDALNLKGLGDVNVEELFGISKEFWEKEVEEIDKYLEDQVNADLPYEIERELRALKQRISQM,3MOF,GSMPPQLHNGLDFSAKVIQGSLDSLPQEVRKFVEGNAQLCQPEYIHICDGSEEEYGRLLAHMQEEGVIRKLKKYDNCWLALTDPRDVARIESKTVIITQEQRDTVPIPKSGQSQLGRWMSEEDFEKAFNARFPGCMKGRTMYVIPFSMGPLGSPLAKIGIELTDSPYVVASMRIMTRMGTSVLEALGDGEFIKCLHSVGCPLPLKKPLVNNWACNPELTLIAHLPDRREIISFGSGYGGNSLLGKKCFALRIASRLAKEEGWLAEHMLILGITNPEGKKKYLAAAFPSACGKTNLAMMNPTLPGWKVECVGDDIAWMKFDAQGNLRAINPENGFFGVAPGTSVKTNPNAIKTIQKNTIFTNVAETSDGGVYWEGIDEPLAPGVTITSWKNKEWRPQDEEPCAHPNSRFCTPASQCPIIDPAWESPEGVPIEGIIFGGRRPAGVPLVYEALSWQHGVFVGAAMRSEATAGAEHKGKVIMHDPFAMRPFFGYNFGKYLAHWLSMAHRPAAKLPKIFHVNWFRKDKNGKFLWPGFGENSRVLEWMFGRIEGEDSAKLTPIGYVPKEDALNLKGLGDVNVEELFGISKEFWEKEVEEIDKYLEDQVNADLPYEIERELRALKQRISQM, OXL ,C(=O)(C(=O)[O-])[O-],9.152071463852208,7.05857816871672,A467G,KD,7.113207547169812
2R5Q,PQITLWKRPLVSIKVGGQIKEALLDTGADDTVIEEIALPGRWKPKMIGGIGGFIKVRQYDQIIIEICGKKAIGTVLVGPTPVNIIGRNMLTQLGCTLNF,2R5Q_mt,PQITLWKRPLVSIKVGGQIKEALLDTGADNTVIEEIALPGRWKPKMIGGIGGFIKVRQYDQIIIEICGKKAIGTVLVGPTPVNIIGRNMLTQLGCTLNF, 1UN ,Cc1c(cccc1O)C(=O)N[C@@H](CSc2ccccc2)[C@@H](C[N@@]3C[C@H]4CCCC[C@H]4C[C@H]3C(=O)NC(C)(C)C)O,19.730014063936128,15.705986000131489,D30N,Ki,54.92592592592592
1OGG_wt,MSTRKAVIGYYFIPTNQINNYTETDTSVVPFPVSNITPAKAKQLTHINFSFLDINSNLECAWDPATNDAKARDVVNRLTALKAHNPSLRIMFSIGGWYYSNDLGVSHANYVNAVKTPASRAKFAQSCVRIMKDYGFDGVDIDWEYPQAAEVDGFIAALQEIRTLLNQQTITDGRQALPYQLTIAGAGGAFFLSRYYSKLAQIVAPLDYINLMTYDLAGPWEKVTNHQAALFGDAAGPTFYNALREANLGWSWEELTRAFPSPFSLTVDAAVQQHLMMEGVPSAKIVMGVPFYGRAFKGVSGGNGGQYSSHSTPGEDPYPSTDYWLVGCEECVRDKDPRIASYRQLEQMLQGNYGYQRLWNDKTKTPYLYHAQNGLFVTYDDAESFKYKAKYIKQQQLGGVMFWHLGQDNRNGDLLAALDRYFNAADYDDSQLDMGTGLRYTGVGPGNLPIMTAPAYVPGTTYAQGALVSYQGYVWQTKWGYITSAPGSDSAWLKVGRVA,1OGG,MSTRKAVIGYYFIPTNQINNYTETDTSVVPFPVSNITPAKAKQLTHINFSFLDINSNLECAWDPATNDAKARDVVNRLTALKAHNPSLRIMFSIGGWYYSNDLGVSHANYVNAVKTPASRAKFAQSCVRIMKDYGFDGVDINWEYPQAAEVDGFIAALQEIRTLLNQQTITDGRQALPYQLTIAGAGGAFFLSRYYSKLAQIVAPLDYINLMTYDLAGPWEKVTNHQAALFGDAAGPTFYNALREANLGWSWEELTRAFPSPFSLTVDAAVQQHLMMEGVPSAKIVMGVPFYGRAFKGVSGGNGGQYSSHSTPGEDPYPSTDYWLVGCEECVRDKDPRIASYRQLEQMLQGNYGYQRLWNDKTKTPYLYHAQNGLFVTYDDAESFKYKAKYIKQQQLGGVMFWHLGQDNRNGDLLAALDRYFNAADYDDSQLDMGTGLRYTGVGPGNLPIMTAPAYVPGTTYAQGALVSYQGYVWQTKWGYITSAPGSDSAWLKVGRVA, AMI ,CN(C)C1=N[C@@H]2[C@H]([C@@H]([C@H]([C@@H]2O1)CO)O)O,13.479038321343062,11.107460356862063,D142N,Ki,9.714285714285714
1BV7_wt,PQVTLWQRPLVTIKIGGQLKEALLDTGADDTVLEEMSLPGRWKPKMIGGIGGFIKVRQYDQILIEICGHKAIGTVLVGPTPVNIIGRNLLTQIGCTLNF,1BV7,PQVTLWQRPLVTIKIGGQLKEALLDTGADDTVLEEMSLPGRWKPKMIGGIGGFIKVRQYDQILIEICGHKAIGTVLVGPTPFNIIGRNLLTQIGCTLNF, XV6 ,c1ccc(cc1)C[C@@H]2[C@@H]([C@H]([C@H](N(C(=O)N2Cc3cccc(c3)C(=O)Nc4nccs4)Cc5cccc(c5)C(=O)Nc6nccs6)Cc7ccccc7)O)O,23.025850929940457,23.7189981105004,V82F,Ki,0.5
1EGH,MELTTRTLPARKHIALVAHDHCKQMLMSWVERHQPLLEQHVLYATGTTGNLISRATGMNVNAMLSGPMGGDQQVGALISEGKIDVLIFFWDPLNAVPHDPDVKALLRLATVWNIPVATNVATADFIIQSPHFNDAVDILIPDYQRYLADRLK,1S89,MELTTRTLPARKHIALVAHDHCKQMLMSWVERHQPLLEQHVLYATGTTGNLISRATGMNVNAMLSGPMGGDQQVGALISEGKIDVLIFFWDPLNAVPNDPDVKALLRLATVWNIPVATNVATADFIIQSPHFNDAVDILIPDYQRYLADRLK, PGA ,C(C(=O)O)OP(=O)(O)O,13.122363377404328,12.0576526404119,H98N,Ki,1.9
3EEB,ADGKILHNQNVNSWGPITVTPTTDGGETRFDGQIIVQMENDPVVAKAAANLAGKHAESSVVVQLDSDGNYRVVYGDPSKLDGKLRWQLVGHGRDHSETNNTRLSGYSADELAVKLAKFQQSFNQAENINNKPDHISIVGCSLVSDDKQKGFGHQFINAMDANGLRVDVSVRSSELAVDEAGRKHTKDANGDWVQKAENNKVSLSWDAQG,3EEB_mt,ADGKILHNQNVNSWGPITVTPTTDGGETRFDGQIIVQMENDPVVAKAAANLAGKHAESSVVVQLDSDGNYRVVYGDPSKLDGKLRWQLVGHGRDHSETNNTRLSGYSADELAVKLAKFQQSFNQAENINNKPDHISIVGCSLVSDDKQKGFGHQFINAMDANGLRVDVSVRSSELAVDEAGRKHTKDANGDFVQKAENNKVSLSWDAQG, IHP ,C1(C(C(C(C(C1OP(=O)(O)O)OP(=O)(O)O)OP(=O)(O)O)OP(=O)(O)O)OP(=O)(O)O)OP(=O)(O)O,13.553146293496782,13.11986649720574,W192F,KD,0.5423076923076923
2V8L,ASIPSSASVQLDSYNYDGSTFSGKIYVKNIAYSKKVTVVYADGSDNWNNNGNIIAASFSGPISGSNYEYWTFSASVKGIKEFYIKYEVSGKTYYDNNNSANYQVST,2V8L_mt,ASIPSSASVQLDSYNYDGSTFSGKIYVKNIAYSKKVTVVYADGSDNWNNNGNIIAASFSGPISGSNYAYWTFSASVKGIKEFYIKYEVSGKTYYDNNNSANYQVST, GLC ,C([C@@H]1[C@H]([C@@H]([C@H]([C@H](O1)O)O)O)O)O,12.186270018233994,10.724468104605958,E68A,KD,3.313725490196078
3AH4,MSQTNANDLRNNEVFFISPSNNTNKVLDKISQSEVKLWNKLSGANQKWRLIYDTNKQAYKIKVMDNTSLILTWNAPLSSVSVKTDTNGDNQYWYLLQNYISRNVIIRNYMNPNLVLQYNIDDTLMVSTQTSSSNQFFKFSNCIYEALNNRNCKLQTQLNSDRFLSKNLNSQIIVLWQWFDSSRQKWIIEYNETKSAYTLKCQENNRYLTWIQNSNNYVETYQSTDSLIQYWNINYLDNDASKYILYNLQDTNRVLDVYNSQIANGTHVIVDSYHGNTNQQWIINLI,3AH4_mt,MSQTNANDLRNNEVFFISPSNNTNKVLDKISQSEVKLWNKLSGANQKWRLIYDTNKQAYKIKVMDNTSLILTWNAPLSSVSVKTDTNGDNQYWYLLQNYISRNVIIRNYMNPNLVLQYNIDDTLMVSTQTSSSNQFFKFSNCIYEALNNRNCKLQTQLNSDRFLSKNLNSQIIVLAQWFDSSRQKWIIEYNETKSAYTLKCQENNRYLTWIQNSNNYVETYQSTDSLIQYWNINYLDNDASKYILYNLQDTNRVLDVYNSQIANGTHVIVDSYHGNTNQQWIINLI, GAL ,C([C@@H]1[C@@H]([C@@H]([C@H]([C@@H](O1)O)O)O)O)O,3.6419958682150857,3.4577677331505496,W176A,KD,0.2022900763358778
2G71,MSGADRSPNAGAAPDSAPGQAAVASAYQRFEPRAYLRNNYAPPRGDLCNPNGVGPWKLRCLAQTFATGEVSGRTLIDIGSGPTVYQLLSACSHFEDITMTDFLEVNRQELGRWLQEEPGAFNWSMYSQHACLIEGKGECWQDKERQLRARVKRVLPIDVHQPQPLGAGSPAPLPADALVSAFCLEAVSPDLASFQRALDHITTLLRPGGHLLLIGALEESWYLAGEARLTVVPVSEEEVREALVRSGYKVRDLRTYIMPAHLQTGVDDVKGVFFAWAQKVGLEHHHHHH,2G71_mt,MSGADRSPNAGAAPDSAPGQAAVASAYQRFEPRAYLRNNYAPPRGDLCNPNGVGPWALRCLAQTFATGEVSGRTLIDIGSGPTVYQLLSACSHFEDITMTDFLEVNRQELGRWLQEEPGAFNWSMYSQHACLIEGKGECWQDKERQLRARVKRVLPIDVHQPQPLGAGSPAPLPADALVSAFCLEAVSPDLASFQRALDHITTLLRPGGHLLLIGALEESWYLAGEARLTVVPVSEEEVREALVRSGYKVRDLRTYIMPAHLQTGVDDVKGVFFAWAQKVGLEHHHHHH, FTS ,c1cc2c(cc1S(=O)(=O)NCCC(F)(F)F)CN[C@H](C2)CF,17.167917775457,17.890052492890195,K57A,Ki,0.5142857142857142
1NJD_wt,MLEQPYLDLAKKVLDEGHFKPDRTHTGTYSIFGHQMRFDLSKGFPLLTTKKVPFGLIKSELLWFLHGDTNIRFLLQHRNHIWDEWAFEKWVKSDEYHGPDMTDFGHRSQKDPEFAAVYHEEMAKFDDRVLHDDAFAAKYGDLGLVYGSQWRAWHTSKGDTIDQLGDVIEQIKTHPYSRRLIVSAWNPEDVPTMALPPCHTLYQFYVNDGKLSLQLYQRSADIFLGVPFNIASYALLTHLVAHECGLEVGEFIHTFGDAHLYVNHLDQIKEQLSRTPRPAPTLQLNPDKHDIFDFDMKDIKLLNYDPYPAIKAPVAV,1NJD,MLEQPYLDLAKKVLDEGHFKPDRTHTGTYSIFGHQMRFDLSKGFPLLTTKKVPFGLIKSELLWFLHGDTNIRFLLQHRNHIWDEWAFEKWVKSDEYHGPDMTDFGHRSQKDPEFAAVYHEEMAKFDDRVLHDDAFAAKYGDLGLVYGSQWRAWHTSKGDTIDQLGDVIEQIKTHPYSRRLIVSAWNPEDVPTMALPPCHTLYQFYVNDGKLSLQLYQRSADIFLGVPFDIASYALLTHLVAHECGLEVGEFIHTFGDAHLYVNHLDQIKEQLSRTPRPAPTLQLNPDKHDIFDFDMKDIKLLNYDPYPAIKAPVAV, UMP ,C1[C@@H]([C@H](O[C@H]1N2C=CC(=O)NC2=O)COP(=O)(O)O)O,12.206072645530174,9.903487552536127,N229D,Km,9.0
3EEB,ADGKILHNQNVNSWGPITVTPTTDGGETRFDGQIIVQMENDPVVAKAAANLAGKHAESSVVVQLDSDGNYRVVYGDPSKLDGKLRWQLVGHGRDHSETNNTRLSGYSADELAVKLAKFQQSFNQAENINNKPDHISIVGCSLVSDDKQKGFGHQFINAMDANGLRVDVSVRSSELAVDEAGRKHTKDANGDWVQKAENNKVSLSWDAQG,3EEB_mt,ADGKILHNQNVNSWGPITVTPTTDGGETQFDGQIIVQMENDPVVAKAAANLAGKHAESSVVVQLDSDGNYRVVYGDPSKLDGKLRWQLVGHGRDHSETNNTRLSGYSADELAVKLAKFQQSFNQAENINNKPDHISIVGCSLVSDDKQKGFGHQFINAMDANGLRVDVSVRSSELAVDEAGRKHTKDANGDWVQKAENNKVSLSWDAQG, IHP ,C1(C(C(C(C(C1OP(=O)(O)O)OP(=O)(O)O)OP(=O)(O)O)OP(=O)(O)O)OP(=O)(O)O)OP(=O)(O)O,13.553146293496782,11.840180312541833,R29Q,KD,4.545384615384616
1HNN,MSGADRSPNAGAAPDSAPGQAAVASAYQRFEPRAYLRNNYAPPRGDLCNPNGVGPWKLRCLAQTFATGEVSGRTLIDIGSGPTVYQLLSACSHFEDITMTDFLEVNRQELGRWLQEEPGAFNWSMYSQHACLIEGKGECWQDKERQLRARVKRVLPIDVHQPQPLGAGSPAPLPADALVSAFCLEAVSPDLASFQRALDHITTLLRPGGHLLLIGALEESWYLAGEARLTVVPVSEEEVREALVRSGYKVRDLRTYIMPAHLQTGVDDVKGVFFAWAQKVGL,1HNN_mt,MSGADRSPNAGAAPDSAPGQAAVASAYQRFEPRAYLRNNYAPPRGDLCNPNGVGPWKLRCLAQTFATGEVSGRTLIDIGSGPTVYQLLSACSHFEDITMTDFLEVNRQELGRWLQEEPGAFNWSMYSQHACLIEGKGECWQDKERQLRARVKRVLPIDVHQPQPLGAGSPAPLPADALVSAFCLEAVSPDLASFQRALDHITTLLRPGGHLLLIGALEASWYLAGEARLTVVPVSEEEVREALVRSGYKVRDLRTYIMPAHLQTGVDDVKGVFFAWAQKVGL, SKF ,c1cc2c(cc1S(=O)(=O)N)CNCC2,15.935774094164366,8.573763542904631,E219A,Ki,1574.0
2Z4O,PQITLWKRPLVTIKIGGQLKEALLDTGADDTVIEEMSLPGRWKPKMIGGIGGFIKVRQYDQIIIEIAGHKAIGTVLVGPTPVNIIGRNLLTQIGATLNF,2QD8,PQITLWKRPLVTIKIGGQLKEALLDTGADDTVIEEMSLPGRWKPKMIGGIGGFIKVRQYDQIIIEIAGHKAIGTVLVGPTPVNVIGRNLLTQIGATLNF, 065 ,CC(C)C[N@@](C[C@H]([C@H](Cc1ccccc1)NC(=O)O[C@H]2CO[C@@H]3[C@H]2CCO3)O)S(=O)(=O)c4ccc5c(c4)OCO5,22.03259915693017,20.885784766444186,I84V,Ki,2.148148148148148
2QEH,ETVQDCENKLPPSLKSRLCEIRRYEIIEGPEMDKHIHCVMRALDFVYEDGRGDYHKLYDPLNIIELDKRHDVNLEKCIGECVQVPTSERAHVFYKCLLKSTTGRTFKKVFDLMELKKAGKVPQHQRYTAEFVQIMKDYDKALNC,2QEH_mt,ETVQDCENKLPPSLKSRLCEIRRYEIIEGPEMDKHIHCVMRALDFVYEDGRGDYHKLYDPLNIIELDKRHDVNLEKCIGECVQVPTSERAHVFYKCLLKSTTGRTFKKVFLLMELKKAGKVPQHQRYTAEFVQIMKDYDKALNC, SRO ,c1cc2c(cc1O)c(c[nH]2)CCN,19.847797099592512,15.124843877948036,D111L,KD,111.5
1W96,MSEESLFESSPQKMEYEITNYSERHTELPGHFIGLNTVDKLEESPLRDFVKSHGGHTVISKILIANNGIAAVKEIRSVRKWAYETFGDDRTVQFVAMATPEDLEANAEYIRMADQYIEVPGGTNNNNYANVDLIVDIAERADVDAVWAGWGHASENPLLPEKLSQSKRKVIFIGPPGNAMRSLGDKISSTIVAQSAKVPCIPWSGTGVDTVHVDEKTGLVSVDDDIYQKGCCTSPEDGLQKAKRIGFPVMIKASEGGGGKGIRQVEREEDFIALYHQAANEIPGSPIFIMKLAGRARHLEVQLLADQYGTNISLFGRDCSVQRRHQKIIEEAPVTIAKAETFHEMEKAAVRLGKLVGYVSAGTVEYLYSHDDGKFYFLELNPRLQVEHPTTEMVSGVNLPAAQLQIAMGIPMHRISDIRTLYGMNPHSASEIDFEFKTQDATKKQRRPIPKGHCTACRITSEDPNDGFKPSGGTLHELNFRSSSNVWGYFSVGNNGNIHSFSDSQFGHIFAFGENRQASRKHMVVALKELSIRGDFRTTVEYLIKLLETEDFEDNTITTGWLDDLITHKMTAEKPDPTLAVICGAATKAFLASEEARHKYIESLQKGQVLSKDLLQTMFPVDFIHEGKRYKFTVAKSGNDRYTLFINGSKCDIILRQLSDGGLLIAIGGKSHTIYWKEEVAATRLSVDSMTTLLEVENDPTQLRTPSPGKLVKFLVENGEHIIKGQPYAEIEVMKMQMPLVSQENGIVQLLKQPGSTIVAGDIMAIMTLDDPSKVKHALPFEGMLPDFGSPVIEGTKPAYKFKSLVSTLENILKGYDNQVIMNASLQQLIEVLRNPKLPYSEWKLHISALHSRLPAKLDEQMEELVARSLRRGAVFPARQLSKLIDMAVKNPEYNPDKLLGAVVEPLADIAHKYSNGLEAHEHSIFVHFLEEYYEVEKLFNGPNVREENIILKLRDENPKDLDKVALTVLSHSKVSAKNNLILAILKHYQPLCKLSSKVSAIFSTPLQHIVELESKATAKVALQAREILIQGALPSVKERTEQIEHILKSSVVKVAYGSSNPKRSEPDLNILKDLIDSNYVVFDVLLQFLTHQDPVVTAAAAQVYIRRAYRAYTIGDIRVHEGVTVPIVEWKFQLPSAAFSTFPTVKSKMGMNRAVSVSDLSYVANSQSSPLREGILMAVDHLDDVDEILSQSLEVIPRHQSSSNGPAPDRSGSSASLSNVANVCVASTEGFESEEEILVRLREILDLNKQELINASIRRITFMFGFKDGSYPKYYTFNGPNYNENETIRHIEPALAFQLELGRLSNFNIKPIFTDNRNIHVYEAVSKTSPLDKRFFTRGIIRTGHIRDDISIQEYLTSEANRLMSDILDNLEVTDTSNSDLNHIFINFIAVFDISPEDVEAAFGGFLERFGKRLLRLRVSSAEIRIIIKDPQTGAPVPLRALINNVSGYVIKTEMYTEVKNAKGEWVFKSLGKPGSMHLRPIATPYPVKEWLQPKRYKAHLMGTTYVYDFPELFRQASSSQWKNFSADVKLTDDFFISNELIEDENGELTEVEREPGANAIGMVAFKITVKTPEYPRGRQFVVVANDITFKIGSFGPQEDEFFNKVTEYARKRGIPRIYLAANSGARIGMAEEIVPLFQVAWNDAANPDKGFQYLYLTSEGMETLKKFDKENSVLTERTVINGEERFVIKTIIGSEDGLGVECLRGSGLIAGATSRAYHDIFTITLVTCRSVGIGAYLVRLGQRAIQVEGQPIILTGAPAINKMLGREVYTSNLQLGGTQIMYNNGVSHLTAVDDLAGVEKIVEWMSYVPAKRNMPVPILETKDTWDRPVDFTPTNDETYDVRWMIEGRETESGFEYGLFDKGSFFETLSGWAKGVVVGRARLGGIPLGVIGVETRTVENLIPADPANPNSAETLIQEPGQVWHPNSAFKTAQAINDFNNGEQLPMMILANWRGFSGGQRDMFNEVLKYGSFIVDALVDYKQPIIIYIPPTGELRGGSWVVVDPTINADQMEMYADVNARAGVLEPQGMVGIKFRREKLLDTMNRLDDKYRELRSQLSNKSLAPEVHQQISKQLADRERELLPIYGQISLQFADLHDRSSRMVAKGVISKELEWTEARRFFFWRLRRRLNEEYLIKRLSHQVGEASRLEKIARIRSWYPASVDHEDDRQVATWIEENYKTLDDKLKGLKLESFAQDLAKKIRSDHDNAIDGLSEVIKMLSTDDKEKLLKTLK,1W96_mt,MSEESLFESSPQKMEYEITNYSERHTELPGHFIGLNTVDKLEESPLRDFVKSHGGHTVISKILIANNGIAAVKEIRSVRKWAYETFGDDRTVQFVAMATPEDLEANAEYIRMADQYIEVPGGTNNNNYANVDLIVDIAERADVDAVWAGWGHASENPLLPEKLSQSKRKVIFIGPPGNAMRSLGDKISSTIVAQSAKVPCIPWSGTGVDTVHVDEKTGLVSVDDDIYQKGCCTSPEDGLQKAKRIGFPVMIKASEGGGGKGIRQVEREEDFIALYHQAANEIPGSPIFIMKLAGRARHLEVQLLADQYGTNISLFGRDCSVQRRHQKIIEEAPVTIAKAETFHEMEKAAVRLGKLVGYVSAGTVEYLYSHDDGKFYFLELNPRLQVEHPTTEMVSGVNLPAAQLQIAMGIPMHRISDIRTLYGMNPHSASEIDFEFKTQDATKKQRRPIPKGHCTACRITSEDPNDGFKPSGGTLHRLNFRSSSNVWGYFSVGNNGNIHSFSDSQFGHIFAFGENRQASRKHMVVALKELSIRGDFRTTVEYLIKLLETEDFEDNTITTGWLDDLITHKMTAEKPDPTLAVICGAATKAFLASEEARHKYIESLQKGQVLSKDLLQTMFPVDFIHEGKRYKFTVAKSGNDRYTLFINGSKCDIILRQLSDGGLLIAIGGKSHTIYWKEEVAATRLSVDSMTTLLEVENDPTQLRTPSPGKLVKFLVENGEHIIKGQPYAEIEVMKMQMPLVSQENGIVQLLKQPGSTIVAGDIMAIMTLDDPSKVKHALPFEGMLPDFGSPVIEGTKPAYKFKSLVSTLENILKGYDNQVIMNASLQQLIEVLRNPKLPYSEWKLHISALHSRLPAKLDEQMEELVARSLRRGAVFPARQLSKLIDMAVKNPEYNPDKLLGAVVEPLADIAHKYSNGLEAHEHSIFVHFLEEYYEVEKLFNGPNVREENIILKLRDENPKDLDKVALTVLSHSKVSAKNNLILAILKHYQPLCKLSSKVSAIFSTPLQHIVELESKATAKVALQAREILIQGALPSVKERTEQIEHILKSSVVKVAYGSSNPKRSEPDLNILKDLIDSNYVVFDVLLQFLTHQDPVVTAAAAQVYIRRAYRAYTIGDIRVHEGVTVPIVEWKFQLPSAAFSTFPTVKSKMGMNRAVSVSDLSYVANSQSSPLREGILMAVDHLDDVDEILSQSLEVIPRHQSSSNGPAPDRSGSSASLSNVANVCVASTEGFESEEEILVRLREILDLNKQELINASIRRITFMFGFKDGSYPKYYTFNGPNYNENETIRHIEPALAFQLELGRLSNFNIKPIFTDNRNIHVYEAVSKTSPLDKRFFTRGIIRTGHIRDDISIQEYLTSEANRLMSDILDNLEVTDTSNSDLNHIFINFIAVFDISPEDVEAAFGGFLERFGKRLLRLRVSSAEIRIIIKDPQTGAPVPLRALINNVSGYVIKTEMYTEVKNAKGEWVFKSLGKPGSMHLRPIATPYPVKEWLQPKRYKAHLMGTTYVYDFPELFRQASSSQWKNFSADVKLTDDFFISNELIEDENGELTEVEREPGANAIGMVAFKITVKTPEYPRGRQFVVVANDITFKIGSFGPQEDEFFNKVTEYARKRGIPRIYLAANSGARIGMAEEIVPLFQVAWNDAANPDKGFQYLYLTSEGMETLKKFDKENSVLTERTVINGEERFVIKTIIGSEDGLGVECLRGSGLIAGATSRAYHDIFTITLVTCRSVGIGAYLVRLGQRAIQVEGQPIILTGAPAINKMLGREVYTSNLQLGGTQIMYNNGVSHLTAVDDLAGVEKIVEWMSYVPAKRNMPVPILETKDTWDRPVDFTPTNDETYDVRWMIEGRETESGFEYGLFDKGSFFETLSGWAKGVVVGRARLGGIPLGVIGVETRTVENLIPADPANPNSAETLIQEPGQVWHPNSAFKTAQAINDFNNGEQLPMMILANWRGFSGGQRDMFNEVLKYGSFIVDALVDYKQPIIIYIPPTGELRGGSWVVVDPTINADQMEMYADVNARAGVLEPQGMVGIKFRREKLLDTMNRLDDKYRELRSQLSNKSLAPEVHQQISKQLADRERELLPIYGQISLQFADLHDRSSRMVAKGVISKELEWTEARRFFFWRLRRRLNEEYLIKRLSHQVGEASRLEKIARIRSWYPASVDHEDDRQVATWIEENYKTLDDKLKGLKLESFAQDLAKKIRSDHDNAIDGLSEVIKMLSTDDKEKLLKTLK, S1A ,C[C@H]1C=C[C@H]([C@H](CCCC[C@H](OC(=O)[C@H]([C@@]2([C@@H]([C@H]([C@@H]([C@H]1O2)C)O)OC)O)C)c3ccccc3)OC)OC,20.030118656386467,17.51646259331248,E477R,KD,11.35
2IKI,ASRILLNNGAKMPILGLGTWKSPPGQVTEAVKVAIDVGYRHIDCAHVYQNENEVGVAIQEKLREQVVKREELFIVSKLWCTYHEKGLVKGACQKTLSDLKLDYLDLYLIHWPTGFKPGKEFFPLDESGNVVPSDTNILDTWAAMEELVDEGLVKAIGISNFNHLQVEMILNKPGLKYKPAVNQIECHPYLTQEKLIQYCQSKGIVVTAYSPLGSPDRPWAKPEDPSLLEDPRIKAIAAKHNKTTAQVLIRFPMQRNLVVIPKSVTPERIAENFKVFDFELSSQDMTTLLSYNRNWRVCALLSCTSHKDYPFHEEF,3M4H,MASRILLNNGAKMPILGLGTWKSPPGQVTEAVKVAIDVGYRHIDCAHVYQNENEVGVAIQEKLREQVVKREELFIVSKLWCTYHEKGLVKGACQKTLSDLKLDYLDLYLIHWPVGFKPGKEFFPLDESGNVVPSDTNILDTWAAMEELVDEGLVKAIGISNFNHLQVEMILNKPGLKYKPAVNQIECHPYLTQEKLIQYCQSKGIVVTAYSPLGSPDRPWAKPEDPSLLEDPRIKAIAAKHNKTTAQVLIRFPMQRNLVVIPKSVTPERIAENFKVFDFELSSQDMTTLLSYNRNWRVCALLSCTSHKDYPFHEEF, 388 ,c1cc(c(cc1Cl)OCC(=O)O)C(=O)NCc2ccc(cc2F)Br,17.282847742130976,14.683011125668996,T113V,KD,12.461538461538462
1AKU_wt,MPKALIVYGSTTGNTEYTAETIARELADAGYEVDSRDAASVEAGGLFEGFDLVLLGCSTWGDDSIELQDDFIPLFDSLEETGAQGRKVACFGCGDSSYEYFCGAVDAIEEKLKNLGAEIVQDGLRIDGDPRAARDDIVGWAHDVRGAI,1AKU,MPKALIVYGSTTGNTEYTAETIARELADAGYEVDSRDAASVEAGGLFEGFDLVLLGCSTWGDDSIELQDDFIPLFDSLEETGAQGRKVACFGCGASSYEYFCGAVDAIEEKLKNLGAEIVQDGLRIDGDPRAARDDIVGWAHDVRGAI, FMN ,Cc1cc2c(cc1C)N(C3=NC(=O)NC(=O)C3=N2)C[C@@H]([C@@H]([C@@H](COP(=O)(O)O)O)O)O,15.569974242448632,14.10854023674265,D95A,KD,3.3121387283237
3HU3_wt,MASGADSKGDDLSTAILKQKNRPNRLIVDEAINEDNSVVSLSQPKMDELQLFRGDTVLLKGKKRREAVCIVLSDDTCSDEKIRMNRVVRNNLRVRLGDVISIQPCPDVKYGKRIHVLPIDDTVEGITGNLFEVYLKPYFLEAYRPIRKGDIFLVRGGMRAVEFKVVETDPSPYCIVAPDTVIHCEGEPIKREDEEESLNEVGYDDIGGCRKQLAQIKEMVELPLRHPALFKAIGVKPPRGILLYGPPGTGKTLIARAVANETGAFFFLINGPEIMSKLAGESESNLRKAFEEAEKNAPAIIFIDELDAIAPKREKTHGEVERRIVSQLLTLMDGLKQRAHVIVMAATNRPNSIDPALRRFGRFDREVDIGIPDATGRLEILQIHTKNMKLADDVDLEQVANETHGHVGADLAALCSEAALQAIRKKMDLIDLEDETIDAEVMNSLAVTMDDFRWALSQSNPSALRETVVEVPQVTWEDIGGRSHHHHHH,3HU3,MASGADSKGDDLSTAILKQKNRPNRLIVDEAINEDNSVVSLSQPKMDELQLFRGDTVLLKGKKRREAVCIVLSDDTCSDEKIRMNRVVRNNLRVRLGDVISIQPCPDVKYGKRIHVLPIDDTVEGITGNLFEVYLKPYFLEAYRPIRKGDIFLVHGGMRAVEFKVVETDPSPYCIVAPDTVIHCEGEPIKREDEEESLNEVGYDDIGGCRKQLAQIKEMVELPLRHPALFKAIGVKPPRGILLYGPPGTGKTLIARAVANETGAFFFLINGPEIMSKLAGESESNLRKAFEEAEKNAPAIIFIDELDAIAPKREKTHGEVERRIVSQLLTLMDGLKQRAHVIVMAATNRPNSIDPALRRFGRFDREVDIGIPDATGRLEILQIHTKNMKLADDVDLEQVANETHGHVGADLAALCSEAALQAIRKKMDLIDLEDETIDAEVMNSLAVTMDDFRWALSQSNPSALRETVVEVPQVTWEDIGGRSHHHHHH, AGS ,c1nc(c2c(n1)n(cn2)[C@H]3[C@@H]([C@@H]([C@H](O3)COP(=O)(O)OP(=O)(O)OP(=S)(O)O)O)O)N,13.932044374220226,15.85573138649083,R155H,KD,0.8539325842696629
3OXC,PQITLWKRPLVTIKIGGQLKEALLDTGADDTVIEEMSLPGRWKPKMIGGIGGFIKVRQYDQIIIEIAGHKAIGTVLVGPTPVNIIGRNLLTQIGATLNF,3OXC_mt,PQITLWKRPLVTIKIGGQLKEALLDTGADDTVIEEMSLPGRWKPKMIVGIGGFIKVRQYDQIIIEIAGHKAIGTVLVGPTPVNIIGRNLLTQIGATLNF, ROC ,CC(C)(C)NC(=O)[C@@H]1C[C@@H]2CCCC[C@@H]2C[N@]1C[C@H]([C@H](Cc3ccccc3)NC(=O)[C@H](CC(=O)N)NC(=O)c4ccc5ccccc5n4)O,21.59076640465113,17.1397468984903,G48V,Ki,84.71428571428571
1OWB,ADTKAKLTLNGDTAVELDVLKGTLGQDVIDIRTLGSKGVFTFDPGFTSTASCESKITFIDGDEGILLHRGFPIDQLATDSNYLEVCYILLNGEKPTQEQYDEFKTTVTLHTMIHEQITRLFHAFRRDSHPMAVMCGITGALAAFYHDSLDVNNPRHREIAAFRLLSKMPTMAAMCYKYSIGQPFVYPRNDLSYAGNFLNMMFSTPCEPYEVNPILERAMDRILILHADHEQNASTSTVRTAGSSGANPFACIAAGIASLWGPAHGGANEAALKMLEEISSVKHIPEFFRRAKDKNDSFRLMGFGHRVYKNYDPRATVMRETCHEVLKELGTKDDLLEVAMELENIALNDPYFIEKKLYPNVDFYSGIILKAMGIPSSMFTVIFAMARTVGWIAHWSEMHSDGMKIARPRQLYTGYEKRDFKSDIKR,1OWB_mt,ADTKAKLTLNGDTAVELDVLKGTLGQDVIDIRTLGSKGVFTFDPGFTSTASCESKITFIDGDEGILLHRGFPIDQLATDSNYLEVCYILLNGEKPTQEQYDEFKTTVTRHTMIHEQITRLFHAFRRDSHPMAVMCGITGALAAFYHDSLDVNNPRHREIAAFRLLSKMPTMAAMCYKYSIGQPFVYPRNDLSYAGNFLNMMFSTPCEPYEVNPILERAMDRILILHADHEQNASTSTVRTAGSSGANPFACIAAGIASLWGPAHGGANEAALKMLEEISSVKHIPEFFRRAKDKNDSFRLMGFGHRVYKNYDPRATVMRETCHEVLKELGTKDDLLEVAMELENIALNDPYFIEKKLYPNVDFYSGIILKAMGIPSSMFTVIFAMARTVGWIAHWSEMHSDGMKIARPRQLYTGYEKRDFKSDIKR, NAD ,c1cc(c[n+](c1)[C@H]2[C@@H]([C@@H]([C@H](O2)CO[P@@](=O)([O-])O[P@@](=O)(O)OC[C@@H]3[C@H]([C@H]([C@@H](O3)n4cnc5c4ncnc5N)O)O)O)O)C,13.667090552846,12.007221786785008,Q182A/L109R,KD,4.258620689655173
2V8L,ASIPSSASVQLDSYNYDGSTFSGKIYVKNIAYSKKVTVVYADGSDNWNNNGNIIAASFSGPISGSNYEYWTFSASVKGIKEFYIKYEVSGKTYYDNNNSANYQVST,2V8L_mt,ASIPSSASVQLDSYNYDGSTFSGKIYVKNIAYSKKVTVVYADGSDNWNNAGNIIAASFSGPISGSNYEYWTFSASVKGIKEFYIKYEVSGKTYYDNNNSANYQVST, GLC ,C([C@@H]1[C@H]([C@@H]([C@H]([C@H](O1)O)O)O)O)O,13.479038321343062,11.205440765222267,N50A,KD,8.714285714285714
1US0,MASRILLNNGAKMPILGLGTWKSPPGQVTEAVKVAIDVGYRHIDCAHVYQNENEVGVAIQEKLREQVVKREELFIVSKLWCTYHEKGLVKGACQKTLSDLKLDYLDLYLIHWPTGFKPGKEFFPLDESGNVVPSDTNILDTWAAMEELVDEGLVKAIGISNFNHLQVEMILNKPGLKYKPAVNQIECHPYLTQEKLIQYCQSKGIVVTAYSPLGSPDRPWAKPEDPSLLEDPRIKAIAAKHNKTTAQVLIRFPMQRNLVVIPKSVTPERIAENFKVFDFELSSQDMTTLLSYNRNWRVCALLSCTSHKDYPFHEEF,3LQL,MASRILLNNGAKMPILGLGTWKSPPGQVTEAVKVAIDVGYRHIDCAHVYQNENEVGVAIQEKLREQVVKREELFIVSKLWCTYHEKGLVKGACQKTLSDLKLDYLDLYLIHWPAGFKPGKEFFPLDESGNVVPSDTNILDTWAAMEELVDEGLVKAIGISNFNHLQVEMILNKPGLKYKPAVNQIECHPYLTQEKLIQYCQSKGIVVTAYSPLGSPDRPWAKPEDPSLLEDPRIKAIAAKHNKTTAQVLIRFPMQRNLVVIPKSVTPERIAENFKVFDFELSSQDMTTLLSYNRNWRVCALLSCTSHKDYPFHEEF, LDT ,c1cc(c(cc1F)OCC(=O)O)C(=S)NCc2ccc(cc2F)Br,16.190128853858152,14.167908945135746,T113A,KD,6.555077915099409
1L7E,MKIAIPKERRPGEDRVAISPEVVKKLVGLGFEVIVEQGAGVGASITDDALTAAGATIASTAAQALSQADVVWKVQRPMTAEEGTDEVALIKEGAVLMCHLGALTNRPVVEALTKRKITAYAMELMPRISRAQSMDILSSQSNLAGYRAVIDGAYEFARAFPMMMTAAGTVPPARVLVFGVGVAGLQAIATAKRLGAVVMATDVRAATKEQVESLGGKFITVDDEAMKTAETAGGYAKEMGEEFRKKQAEAVLKELVKTDIAITTALIPGKPAPVLITEEMVTKMKPGSVIIDLAVEAGGNCPLSEPGKIVVKHGVKIVGHTNVPSRVAADASPLFAKNLLNFLTPHVDKDTKTLVMKLEDETVSGTCVTRDGAIVHPALTGQGA,1L7E_mt,MKIAIPKERRPGEDRVAISPEVVKKLVGLGFEVIVEQGAGVGASITDDALTAAGATIASTAAQALSQADVVWKVQRPMTAEEGTDEVALIKEGAVLMCHLGALTNRPVVEALTKRKITAYAMELMPAISRAQSMDILSSQSNLAGYRAVIDGAYEFARAFPMMMTAAGTVPPARVLVFGVGVAGLQAIATAKRLGAVVMATDVRAATKEQVESLGGKFITVDDEAMKTAETAGGYAKEMGEEFRKKQAEAVLKELVKTDIAITTALIPGKPAPVLITEEMVTKMKPGSVIIDLAVEAGGNCPLSEPGKIVVKHGVKIVGHTNVPSRVAADASPLFAKNLLNFLTPHVDKDTKTLVMKLEDETVSGTCVTRDGAIVHPALTGQGA, NAI ,c1nc(c2c(n1)n(cn2)[C@H]3[C@@H]([C@@H]([C@H](O3)CO[P@](=O)(O)O[P@@](=O)(O)OC[C@@H]4[C@H]([C@H]([C@@H](O4)N5C=CCC(=C5)C(=O)N)O)O)O,10.92513880006811,7.264430222920869,R127A,KD,37.888888888888886
3N0H,VGSLNCIVAVSQNMGIGKNGDLPWPPLRNEFRYFSRMTTTSSVEGKQNLVIMGKKTWFSIPEKFRPLKGRINLVLSRELKEPPQGAHFLSRSLDDALKLTEQPELANKVDMVWIVGGSSVYKEAMNHPGHLKLFVTRIMQDFESDTFFPEIDLEKYKLLPEYPGVLSDVQEEKGIKYKFEVYEKND,3S3V,VGSLNCIVAVSQNMGIGKNGDLPWPPLRNEFRYFKRMTTTSSVEGKQNLVIMGKKTWFSIPEKFRPLKGRINLVLSRELKEPPQGAHFLSRSLDDALKLTEQPELANKVDMVWIVGGSSVYKEAMNHPGHLKLFVTRIMQDFESDTFFPEIDLEKYKLLPEYPGVLSDVQEEKGIKYKFEVYEKND, TOP ,COc1cc(cc(c1OC)OC)Cc2cnc(nc2N)N,14.298396813041023,14.353364854118183,S35K,Ki,0.0534846029173419
2QFT_wt,MESLTLQPIARVDGTINLPGSKSVSNRALLLAALAHGKTVLTNLLDSDDVRHMLNALTALGVSYTLSADRTRCEIIGNGGPLHAEGALELFLGNAGTAMRPLAAALCLGSNDIVLTGEPRMKERPIGHLVDALRLGGAKITYLEQENYPPLRLQGGFTGGNVDVDGSVSSQFLTALLMTAPLAPEDTVIRIKGDLVSKPYIDITLNLMKTFGVEIENQHYQQFVVKGGQSYQSPGTYLVEGDASSASYFLAAAAIKGGTVKVTGIGRNSMQGDIRFADVLEKMGATICWGDDYISCTRGELNAIDMDMNHIPDAAMTIATAALFAKGTTTLRNIYNWRVKETDRLFAMATELRKVGAEVEEGHDYIRITPPEKLNFAEIATYNDHRMAMCFSLVALSDTPVTILDPKCTAKTFPDYFEQLARISQAA,2QFT,MESLTLQPIARVDGTINLPGSKSVSNRALLLAALAHGKTVLTNLLDSDDVRHMLNALTALGVSYTLSADRTRCEIIGNGGPLHAEGALELFLGNAGTAMRSLAAALCLGSNDIVLTGEPRMKERPIGHLVDALRLGGAKITYLEQENYPPLRLQGGFTGGNVDVDGSVSSQFLTALLMTAPLAPEDTVIRIKGDLVSKPYIDITLNLMKTFGVEIENQHYQQFVVKGGQSYQSPGTYLVEGDASSASYFLAAAAIKGGTVKVTGIGRNSMQGDIRFADVLEKMGATICWGDDYISCTRGELNAIDMDMNHIPDAAMTIATAALFAKGTTTLRNIYNWRVKETDRLFAMATELRKVGAEVEEGHDYIRITPPEKLNFAEIATYNDHRMAMCFSLVALSDTPVTILDPKCTAKTFPDYFEQLARISQAA, GPJ ,C(C(=O)O)[NH2+]CP(=O)(O)O,14.73180128983843,12.110762465725848,P101S,Ki,12.75
1N92,STAGKVIKCKAAVLWEEKKPFSIEEVEVAPPKAHEVRIKMVATGICRSDDHVVSGTLVTPLPVIAGHEAAGIVESIGEGVTTVRPGDKVIPLFTPQCGKCRVCKHPEGNFCLKNDLSMPRGTMQDGTSRFTCRGKPIHHFLGTSTFSQYTVVDEISVAKIDAASPLEKVCLIGCGFSTGYGSAVKVAKVTQGSTCAVFGLGGVGLSVIMGCKAAGAARIIGVDINKDKFAKAKEVGATECVNPQDYKKPIQEVLTEMSNGGVDFSFEVIGRLDTMVTALSCCQEAYGVSVIVGVPPDSQNLSMNPMLLLSGRTWKGAIFGGFKSKDSVPKLVADFMAKKFALDPLITHVLPFEKINEGFDLLRSGESIRTILTF,1N8K,STAGKVIKCKAAVLWEEKKPFSIEEVEVAPPKAHEVRIKMVATGICRSDDHVVSGTLVTPLPVIAGHEAAGIVESIGEGVTTVRPGDKVIPLFTPQCGKCRVCKHPEGNFCLKNDLSMPRGTMQDGTSRFTCRGKPIHHFLGTSTFSQYTVVDEISVAKIDAASPLEKVCLIGCGFSTGYGSAVKVAKVTQGSTCAVFGLGGVGLSVIMGCKAAGAARIIGVDINKDKFAKAKEVGATECVNPQDYKKPIQEVLTEMSNGGVDFSFEVIGRLDTMVTALSCCQEAYGVSVITGVPPDSQNLSMNPMLLLSGRTWKGAIFGGFKSKDSVPKLVADFMAKKFALDPLITHVLPFEKINEGFDLLRSGESIRTILTF, NAJ ,c1cc(c[n+](c1)[C@H]2[C@@H]([C@@H]([C@H](O2)COP(=O)([O-])OP(=O)([O-])OC[C@@H]3[C@H]([C@H]([C@@H](O3)n4cnc5c4nc[nH+]c5N)O)O)O)O)C(,10.381523353479128,6.980325971816972,V292T,Ki,29.0
2INE,ASRLLLNNGAKMPILGLGTWKSPPGQVTEAVKVAIDVGYRHIDCAHVYQNENEVGVAIQEKLREQVVKREELFIVSKLWCTYHEKGLVKGACQKTLSDLKLDYLDLYLIHWPTGFKPGKEFFPLDESGNVVPSDTNILDTWAAMEELVDEGLVKAIGISNFNHLQVEMILNKPGLKYKPAVNQIECHPYLTQEKLIQYCQSKGIVVTAYSPLGSPDRPWAKPEDPSLLEDPRIKAIAAKHNKTTAQVLIRFPMQRNLVVIPKSVTPERIAENFKVFDFELSSQDMTTLLSYNRNWRVCALLSCTSHKDYPFHEEF,2INE_mt,ASRLLLNNGAKMPILGLGTWKSPPGQVTEAVKVAIDVGYRHIDCAHVYQNENEVGVAIQEKLREQVVKREELFIVSKLWCTYHEKGLVKGACQKTLSDLKLDYLDLYLIHWPTGFKPGKEFFPLDESGNVVPSDTNILDTWAAMEELVDEGLVKAIGISNFNHLQVEMILNKPGLKYKPAVNQIECHPYLTQEKLIQYCQSKGIVVTAYSPLGSPDRPWAKPEDPSLLEDPRIKAIAAKHNKTTAQVLIRFPMQRNLVVIPKSVTPERIAENFKVFDFELSSQDMTTLLSYNRNWRVAALLSCTSHKDYPFHEEF, PAC ,c1ccc(cc1)CC(=O)O,9.251162366496438,8.101777752454906,C298A,Ki,2.15625
3FYW,TLSILVAHDLQRVIGFENQLPWHLPNDLKHVKKLSTGHTLVMGRKTFESIGKPLPNRRNVVLTSDTSFNVEGVDVIHSIEDIYQLPGHVFIFGGQTLFEEMIDKVDDMYITVIEGKFRGDTFFPPYTFEDWEVASSVEGKLDEKNTIPHTFLHLIRKK,3FY8,TLSILVAHDLQRVIGFENQLPWHLPNDLKHVKKLSTGHTLVMGRKTFESIGKPLPNRRNVVLTSDTSFNVEGVDVIHSIEDIYQLPGHVFIFGGQTLYEEMIDKVDDMYITVIEGKFRGDTFFPPYTFEDWEVASSVEGKLDEKNTIPHTFLHLIRKK, XCF ,COc1cc(c2c(c1OC)O[C@@H](C=C2)C3CC3)Cc4cnc(nc4N)N,22.192941807005354,20.82862635260424,F98Y,Ki,2.9130434782608696
2Q88,DENKLEELKEQGFARIAIANEPPFTAVGADGKVSGAAPDVAREIFKRLGVADVVASISEYGAMIPGLQAGRHDAITAGLFMKPERCAAVAYSQPILCDAEAFALKKGNPLGLKSYKDIADNPDAKIGAPGGGTEEKLALEAGVPRDRVIVVPDGQSGLKMLQDGRIDVYSLPVLSINDLVSKANDPNVEVLAPVEGAPVYCDGAAFRKGDEALRDAFDVELAKLKESGEFAKIIEPYGFSAKAAMSTTREKLCAAK,2Q88_mt,DENKLEELKEQGFARIAIANEPPETAVGADGKVSGAAPDVAREIFKRLGVADVVASISEYGAMIPGLQAGRHDAITAGLFMKPERCAAVAYSQPILCDAEAFALKKGNPLGLKSYKDIADNPDAKIGAPGGGTEEKLALEAGVPRDRVIVVPDGQSGLKMLQDGRIDVYSLPVLSINDLVSKANDPNVEVLAPVEGAPVYCDGAAFRKGDEALRDAFDVELAKLKESGEFAKIIEPYGFSAKAAMSTTREKLCAAK, 4CS ,CC1=N[C@@H](CCN1)C(=O)O,13.34550692871854,13.479038321343062,F24E,KD,0.125
1OWB,ADTKAKLTLNGDTAVELDVLKGTLGQDVIDIRTLGSKGVFTFDPGFTSTASCESKITFIDGDEGILLHRGFPIDQLATDSNYLEVCYILLNGEKPTQEQYDEFKTTVTLHTMIHEQITRLFHAFRRDSHPMAVMCGITGALAAFYHDSLDVNNPRHREIAAFRLLSKMPTMAAMCYKYSIGQPFVYPRNDLSYAGNFLNMMFSTPCEPYEVNPILERAMDRILILHADHEQNASTSTVRTAGSSGANPFACIAAGIASLWGPAHGGANEAALKMLEEISSVKHIPEFFRRAKDKNDSFRLMGFGHRVYKNYDPRATVMRETCHEVLKELGTKDDLLEVAMELENIALNDPYFIEKKLYPNVDFYSGIILKAMGIPSSMFTVIFAMARTVGWIAHWSEMHSDGMKIARPRQLYTGYEKRDFKSDIKR,1OWB_mt,ADTKAKLTLNGDTAVELDVLKGTLGQDVIDIRTLGSKGVFTFDPGFTSTASCESKITFIDGDEGILLHRGFPIDQLATDSNYLEVCYILLNGEKPTQEQYDEFKTTVTRHTMIHEQITRLFHAFRRDSHPMAVMCGITGALAAFYHDSLDVNNPRHREIAAFRLLSKMPTMAAMCYKYSIGQPFVYPRNDLSYAGNFLNMMFSTPCEPYEVNPILERAMDRILILHADHEQNASTSTVRTAGSSGANPFACIAAGIASLWGPAHGGANEAALKMLEEISSVKHIPEFFRRAKDKNDSFRLMGFGHRVYKNYDPRATVMRETCHEVLKELGTKDDLLEVAMELENIALNDPYFIEKKLYPNVDFYSGIILKAMGIPSSMFTVIFAMARTVGWIAHWSEMHSDGMKIARPRQLYTGYEKRDFKSDIKR, NAD ,c1cc(c[n+](c1)[C@H]2[C@@H]([C@@H]([C@H](O2)CO[P@@](=O)([O-])O[P@@](=O)(O)OC[C@@H]3[C@H]([C@H]([C@@H](O3)n4cnc5c4ncnc5N)O)O)O)O)C,13.667090552846,11.928440908931892,T111A/L109R,KD,4.689655172413793
3OKP,MSASRKTLVVTNDFPPRIGGIQSYLRDFIATQDPESIVVFASTQNAEEAHAYDKTLDYEVIRWPRSVMLPTPTTAHAMAEIIREREIDNVWFGAAAPLALMAGTAKQAGASKVIASTHGHEVGWSMLPGSRQSLRKIGTEVDVLTYISQYTLRRFKSAFGSHPTFEHLPSGVDVKRFTPATPEDKSATRKKLGFTDTTPVIACNSRLVPRKGQDSLIKAMPQVIAARPDAQLLIVGSGRYESTLRRLATDVSQNVKFLGRLEYQDMINTLAAADIFAMPARTRGGGLDVEGLGIVYLEAQACGVPVIAGTSGGAPETVTPATGLVVEGSDVDKLSELLIELLDDPIRRAAMGAAGRAHVEAEWSWEIMGERLTNILQSEPRKLAAALEHHHHHH,3OKP_mt,MSASRKTLVVTNDFPPRIGGIQSYLRDFIATQDPESIVVFASTQNAEEAHAYDKTLDYEVIRWPRSVMLPTPTTAHAMAEIIREREIDNVWFGAAAPLALMAGTAKQAGASKVIASTHGHEVGWSMLPGSRQSLRKIGTEVDVLTYISQYTLRRFKSAFGSHPTFEHLPSGVDVKRFTPATPEDKSATRKKLGFTDTTPVIACNSRLVPRQGQDSLIKAMPQVIAARPDAQLLIVGSGRYESTLRRLATDVSQNVKFLGRLEYQDMINTLAAADIFAMPARTRGGGLDVEGLGIVYLEAQACGVPVIAGTSGGAPETVTPATGLVVEGSDVDKLSELLIELLDDPIRRAAMGAAGRAHVEAEWSWEIMGERLTNILQSEPRKLAAALEHHHHHH, GDD ,c1nc2c(n1[C@H]3[C@@H]([C@@H]([C@H](O3)CO[P@](=O)(O)O[P@](=O)(O)O[C@@H]4[C@H]([C@H]([C@@H]([C@H](O4)CO)O)O)O)O)O)N=C(NC2=O)N,10.871071578797832,10.397783874350909,K211Q,KD,0.6052631578947368
2ZGA,PQITLWQRPLVTIKIGGQLKEALLDTGADDTVLEEMSLPGRWKPKMIGGIGGFIKVRQYDQILIEICGHKAIGTVLVGPTPVNIIGRNLLTQIGCTLNF,2ZGA_mt,PQITLWQRPLVTIKIGGQLKEALLDTGADDTVLEEMSLPGRWKPKMIGGVGGFIKVRQYDQILIEICGHKAIGTVLVGPTPVNIIGRNLLTQIGCTLNF, YDP ,CC(=CCN([C@H]1CNC[C@@H]1N(CC=C(C)C)S(=O)(=O)c2ccc(cc2)C(=O)N)S(=O)(=O)c3ccc(cc3)C(=O)N)C,14.549479733044477,11.250561200502736,I50V,Ki,26.08333333333333
1HNN,MSGADRSPNAGAAPDSAPGQAAVASAYQRFEPRAYLRNNYAPPRGDLCNPNGVGPWKLRCLAQTFATGEVSGRTLIDIGSGPTVYQLLSACSHFEDITMTDFLEVNRQELGRWLQEEPGAFNWSMYSQHACLIEGKGECWQDKERQLRARVKRVLPIDVHQPQPLGAGSPAPLPADALVSAFCLEAVSPDLASFQRALDHITTLLRPGGHLLLIGALEESWYLAGEARLTVVPVSEEEVREALVRSGYKVRDLRTYIMPAHLQTGVDDVKGVFFAWAQKVGL,1HNN_mt,MSGADRSPNAGAAPDSAPGQAAVASAYQRFEPRAYLRNNYAPPRGDLCNPNGAGPWKLRCLAQTFATGEVSGRTLIDIGSGPTVYQLLSACSHFEDITMTDFLEVNRQELGRWLQEEPGAFNWSMYSQHACLIEGKGECWQDKERQLRARVKRVLPIDVHQPQPLGAGSPAPLPADALVSAFCLEAVSPDLASFQRALDHITTLLRPGGHLLLIGALEESWYLAGEARLTVVPVSEEEVREALVRSGYKVRDLRTYIMPAHLQTGVDDVKGVFFAWAQKVGL, SKF ,c1cc2c(cc1S(=O)(=O)N)CNCC2,15.935774094164366,14.293546358907276,V53A,Ki,4.166666666666667
2ITY,GEAPNQALLRILKETEFKKIKVLGSGAFGTVYKGLWIPEGEKVKIPVAIKELREATSPKANKEILDEAYVMASVDNPHVCRLLGICLTSTVQLITQLMPFGCLLDYVREHKDNIGSQYLLNWCVQIAKGMNYLEDRRLVHRDLAARNVLVKTPQHVKITDFGLAKLLGAEEKEYHAEGGKVPIKWMALESILHRIYTHQSDVWSYGVTVWELMTFGSKPYDGIPASEISSILEKGERLPQPPICTIDVYMIMVKCWMIDADSRPKFRELIIEFSKMARDPQRYLVIQGDERMHLPSPTDSNFYRALMDEEDMDDVVDADEYLIPQQG,3UG2,GAMGIRSGEAPNQALLRILKETEFKKIKVLSSGAFGTVYKGLWIPEGEKVKIPVAIKELREATSPKANKEILDEAYVMASVDNPHVCRLLGICLTSTVQLIMQLMPFGCLLDYVREHKDNIGSQYLLNWCVQIAKGMNYLEDRRLVHRDLAARNVLVKTPQHVKITDFGLAKLLGAEEKEYHAEGGKVPIKWMALESILHRIYTHQSDVWSYGVTVWELMTFGSKPYDGIPASEISSILEKGERLPQPPICTIDVYMIMVKCWMIDADSRPKFRELIIEFSKMARDPQRYLVIQGDERMHLPSPTDSNFYRALMDEEDMDDVVDADEYLIPQQG, IRE ,COc1cc2c(cc1OCCCN3CCOCC3)/C(=N/c4ccc(c(c4)Cl)F)/N=CN2,18.070023872339195,17.260659827155614,G719S/T790M,KD,1.2464788732394367
1QKU,MTMTLHTKASGMALLHQIQGNELEPLNRPQLKIPLERPLGEVYLDSSKPAVYNYPEGAAYEFNAAAAANAQVYGQTGLPYGPGSEAAAFGSNGLGGFPPLNSVSPSPLMLLHPPPQLSPFLQPHGQQVPYYLENEPSGYTVREAGPPAFYRPNSDNRRQGGRERLASTNDKGSMAMESAKETRYCAVCNDYASGYHYGVWSCEGCKAFFKRSIQGHNDYMCPATNQCTIDKNRRKSCQACRLRKCYEVGMMKGGIRKDRRGGRMLKHKRQRDDGEGRGEVGSAGDMRAANLWPSPLMIKRSKKNSLALSLTADQMVSALLDAEPPILYSEYDPTRPFSEASMMGLLTNLADRELVHMINWAKRVPGFVDLTLHDQVHLLECAWLEILMIGLVWRSMEHPGKLLFAPNLLLDRNQGKCVEGMVEIFDMLLATSSRFRMMNLQGEEFVCLKSIILLNSGVYTFLSSTLKSLEEKDHIHRVLDKITDTLIHLMAKAGLTLQQQHQRLAQLLLILSHIRHMSNKGMEHLYSMKCKNVVPLYDLLLEMLDAHRLHAPTSRGGASVEETDQSHLATAGSTSSHSLQKYYITGEAEGFPATV,1QKT,NSLALSLTADQMVSALLDAEPPILYSEYDPTRPFSEASMMGLLTNLADRELVHMINWAKRVPGFVDLTLHDQVHLLESAWLEILMIGLVWRSMEHPGKLLFAPNLLLDRNQGKSVEGMVEIFDMLLATSSRFRMMNLQGEEFVCLKSIILLNSGVYTFLSSTLKSLEEKDHIHRVLDKITDTLIHLMAKAGLTLQQQHQRLAQLLLILSHIRHMSNKGMEHLYSMKSKNVVPLYDLLLEMLDAHRLHA, EST ,C[C@]12CC[C@@H]3c4ccc(cc4CC[C@H]3[C@@H]1CC[C@@H]2O)O,22.07033948491302,20.806647445885464,C381S/C417S/C530S,KD,2.5384615384615383
2HA0,EGREDPQLLVRVRGGQLRGIRLKAPGGPVSAFLGIPFAEPPVGSRRFMPPEPKRPWSGVLDATTFQNVCYQYVDTLYPGFEGTEMWNPNRELSEDCLYLNVWTPYPRPASPTPVLIWIYGGGFYSGAASLDVYDGRFLAQVEGAVLVSMNYRVGTFGFLALPGSREAPGNVGLLDQRLALQWVQENIAAFGGDPMSVTLFGESAGAASVGMHILSLPSRSLFHRAVLQSGTPNGPWATVSAGEARRRATLLARLVGCPPGGAGGNDTELIACLRTRPAQDLVDHEWHVLPQESIFRFSFVPVVDGDFLSDTPEALINTGDFQDLQVLVGVVKDEGSYFLVYGVPGFSKDNESLISRAQFLAGVRIGVPQASDLAAEAVVLHYTDWLHPEDPTHLRDAMSAVVGDHNVVCPVAQLAGRLAAQGARVYAYIFEHRASTLTWPLWMGVPHGYEIEFIFGLPLDPSLNYTTEERIFAQRLMKYWTNFARTGDPNDPRDSKSPQWPPYTTAAQQYVSLNLKPLEVRRGLRAQTCAFWNRFLPKLLSAT,2HA0_mt,EGREDPQLLVRVRGGQLRGIRLKAPGGPVSAFLGIPFAEPPVGSRRFMPPEPKRPWSGVLDATTFQNVCYQYVDTLYPGFEGTEMWNPNRELSEDCLYLNVWTPYPRPASPTPVLIWIYGGGFYSGAASLDVYDGRFLAQVEGAVLVSMNYRVGTFGFLALPGSREAPGNVGLLDQRLALQWVQENIAAFGGDPMSVTLFGEAAGAASVGMHILSLPSRSLFHRAVLQSGTPNGPWATVSAGEARRRATLLARLVGCPPGGAGGNDTELIACLRTRPAQDLVDHEWHVLPQESIFRFSFVPVVDGDFLSDTPEALINTGDFQDLQVLVGVVKDEGSYFLVYGVPGFSKDNESLISRAQFLAGVRIGVPQASDLAAEAVVLHYTDWLHPEDPTHLRDAMSAVVGDHNVVCPVAQLAGRLAAQGARVYAYIFEHRASTLTWPLWMGVPHGYEIEFIFGLPLDPSLNYTTEERIFAQRLMKYWTNFARTGDPNDPRDSKSPQWPPYTTAAQQYVSLNLKPLEVRRGLRAQTCAFWNRFLPKLLSAT, CHH ,CC(=O)CCC[N+](C)(C)C,10.20459264532005,7.05857816871672,S203A,KD,22.24324324324324
2Q5K,PQITLWKRPLVTIRIGGQLKEALLDTGADDTVLEEMNLPGKWKPKMIGGIGGFIKVRQYDQIPIEICGHKAIGTVLVGPTPVNIIGRNLLTQIGCTLNF,2Q5K_mt,PQITLWKRPLVTIRIGGQLKEALLDTGADDTVLEEMNLPGKWKPKMIGGIGGFIKVRQYDQIPIEICGHKAIGTVLVGPTPVNIIGRNLMTQIGCTLNF, AB1 ,Cc1cccc(c1OCC(=O)N[C@@H](Cc2ccccc2)[C@H](C[C@H](Cc3ccccc3)NC(=O)[C@H](C(C)C)N4CCCNC4=O)O)C,26.021583203494448,20.82862635260424,L10I/A71V/G73S/I84V/L90M,Ki,179.0
1AKW_wt,MPKALIVYGSTTGNTEYTAETIARELADAGYEVDSRDAASVEAGGLFEGFDLVLLGCSTWGDDSIELQDDFIPLFDSLEETGAQGRKVACFGCGDSSYEYFCGAVDAIEEKLKNLGAEIVQDGLRIDGDPRAARDDIVGWAHDVRGAI,1AKW,MPKALIVYGSTTGNTEYTAETIARELADAGYEVDSRDAASVEAGGLFEGFDLVLLGCSTWLDDSIELQDDFIPLFDSLEETGAQGRKVACFGCGDSSYEYFCGAVDAIEEKLKNLGAEIVQDGLRIDGDPRAARDDIVGWAHDVRGAI, FMN ,Cc1cc2c(cc1C)N(C3=NC(=O)NC(=O)C3=N2)C[C@@H]([C@@H]([C@@H](COP(=O)(O)O)O)O)O,22.150382192586555,19.767754391918974,G61L,KD,9.833333333333336
1QY1,MRGSHHHHHHGSEEASSTGRNFNVEKINGEWHTIILASDKREKIEDNGNFRLFLEQIHVLEKSLVLKFHTVRDEECSELSMVADKTEKAGEYSVTYDGFNTFTIPKTDYDNFLMAHLINEKDGETFQLMGLYGREPDLSSDIKERFAQLCEEHGILRENIIDLSNANRCLQARE,1YP6,MRGSHHHHHHGSEEASSTGRNFNVEKINGEWHTIILASDKREKIEDNGNFRLFLEQIHVLEKSLVLKFHTVRDEECSELSMVADKTEKAGEYSVTYDGFNTFTIPKTDYDNFLMAHLINEKDGETFQLMGLFGREPDLSSDIKERFAQLCEEHGILRENIIDLSNANRCLQARE, PRZ ,CC(C)Cc1c(nccn1)OC,15.01948336229021,13.127375919227871,Y120F,KD,5.633333333333334
3OXC,PQITLWKRPLVTIKIGGQLKEALLDTGADDTVIEEMSLPGRWKPKMIGGIGGFIKVRQYDQIIIEIAGHKAIGTVLVGPTPVNIIGRNLLTQIGATLNF,3CYX,PQITLWKRPLVTIKIGGQLKEALLDTGADDTVIEEMSLPGRWKPKMIGGVGGFIKVRQYDQIIIEIAGHKAIGTVLVGPTPVNIIGRNLLTQIGATLNF, ROC ,CC(C)(C)NC(=O)[C@@H]1C[C@@H]2CCCC[C@@H]2C[N@]1C[C@H]([C@H](Cc3ccccc3)NC(=O)[C@H](CC(=O)N)NC(=O)c4ccc5ccccc5n4)O,21.59076640465113,18.420680743952367,I50V,Ki,22.80952380952381
1IYK,MSGDNTGNKSNSAPSKSIEELLKLLAMGQELSPAQQKEMKDYKFWKTQPVPSLSETVTEEGPIDKLKTPEDVPNDPLPLISDFEWSTLDIDDNLQLDELYKLLYDNYVEDIDATFRFKYSHEFFQWALKPPGWRKDWHVGVRVKSTGKLVAFIAATPVTFKLNKSNKVIDSVEINFLCIHKKLRNKRLAPVLIKEITRRVNKQNIWQALYTGGSILPTPLTTCRYQHRPINWSKLHDVGFSHLPPNQTKSSMVASYTLPNNPKLKGLRPMTGKDVSTVLSLLYKYQERFDIVQLFTEEEFKHWMLGHDENSDSNVVKSYVVEDENGVITDYFSYYLLPFTVLDNAQHDELGIAYLFYYASDSFEKPNYKKRLNELITDALITSKKFGVDVFNCLTCQDNTYFLKDCKFGSGDGFLNYYLFNYRTFPMDGGIDKKTKEVVEDQTSGIGVVLL,1IYK_mt,MSGDNTGNKSNSAPSKSIEELLKLLAMGQELSPAQQKEMKDYKFWKTQPVPSLSETVTEEGPIDKLKTPEDVPNDPLPLISDFEWSTLDIDDNLQLDELYKLLYDNYVEDIDATFRFKYSHEFFQWALKPPGWRKDWHVGVRVKSTGKLVAFIAATPVTFKLNKSNKVIDSVEINFLCIHKKLRNKRLAPVLIKEITRRVNKQNIWQALYTGGSILPTPLTTCRYQHRAINWSKLHDVGFSHLPPNQTKSSMVASYTLPNNPKLKGLRPMTGKDVSTVLSLLYKYQERFDIVQLFTEEEFKHWMLGHDENSDSNVVKSYVVEDENGVITDYFSYYLLPFTVLDNAQHDELGIAYLFYYASDSFEKPNYKKRLNELITDALITSKKFGVDVFNCLTCQDNTYFLKDCKFGSGDGFLNYYLFNYRTFPMDGGIDKKTKEVVEDQTSGIGVVLL, MIM ,Cc1nccn1CCCCc2ccc(cc2)CC(=O)N[C@@H](CO)C(=O)N[C@@H](CCCCN)C(=O)NCCC3CCCCC3,15.201804919084164,15.01948336229021,P229A,Ki,0.2
3QGT,MMEQVCDVFDIYAICACCKVESKNEGKKNEVFNNYTFRGLGNKGVLPWKCNSLDMKYFCAVTTYVNESKYEKLKYKRCKYLNKETVDNVNDMPNSKKLQNVVVMGRTSWESIPKKFKPLSNRINVILSRTLKKEDFDEDVYIINKVEDLIVLLGKLNYYKCFIIGGSVVYQEFLEKKLIKKIYFTRINSTYECDVFFPEINENEYQIISVSDVYTSNNTTLDFIIYKKTNNKMLNEQNCIKGEEKNNDMPLKNDDKDTCHMKKLTEFYKNVDKYKINYENDDDDEEEDDFVYFNFNKEKEEKNKNSIHPNDFQIYNSLKYKYHPEYQYLNIIYDIMMNGNKQSDRTGVGVLSKFGYIMKFDLSQYFPLLTTKKLFLRGIIEELLWFIRGETNGNTLLNKNVRIWEANGTREFLDNRKLFHREVNDLGPIYGFQWRHFGAEYTNMYDNYENKGVDQLKNIINLIKNDPTSRRILLCAWNVKDLDQMALPPCHILCQFYVFDGKLSCIMYQRSCDLGLGVPFNIASYSIFTHMIAQVCNLQPAQFIHVLGNAHVYNNHIDSLKIQLNRIPYPFPTLKLNPDIKNIEDFTISDFTIQNYVHHEKISMDMAA,3QGT_mt,MMEQVCDVFDIYAICACCKVESKNEGKKNEVFNNYTFRGLGNKGVLPWKCNSLDMKYFCAVTTYVNESKYEKLKYKRCKYLNKETVDNVNDMPNSKKLQNVVVMGRTSWESIPKKFKPLSNRINVILSRTLKKEDFDEDVYIINKVEDLIVLLGKLNYYKCFILGGSVVYQEFLEKKLIKKIYFTRINSTYECDVFFPEINENEYQIISVSDVYTSNNTTLDFIIYKKTNNKMLNEQNCIKGEEKNNDMPLKNDDKDTCHMKKLTEFYKNVDKYKINYENDDDDEEEDDFVYFNFNKEKEEKNKNSIHPNDFQIYNSLKYKYHPEYQYLNIIYDIMMNGNKQSDRTGVGVLSKFGYIMKFDLSQYFPLLTTKKLFLRGIIEELLWFIRGETNGNTLLNKNVRIWEANGTREFLDNRKLFHREVNDLGPIYGFQWRHFGAEYTNMYDNYENKGVDQLKNIINLIKNDPTSRRILLCAWNVKDLDQMALPPCHILCQFYVFDGKLSCIMYQRSCDLGLGVPFNIASYSIFTHMIAQVCNLQPAQFIHVLGNAHVYNNHIDSLKIQLNRIPYPFPTLKLNPDIKNIEDFTISDFTIQNYVHHEKISMDMAA, CP6 ,CCc1c(c(nc(n1)N)N)c2ccc(cc2)Cl,22.33270374938051,15.077818939303173,N51I/C59R/S108N/I164L,Ki,1414.0
2IKI,ASRILLNNGAKMPILGLGTWKSPPGQVTEAVKVAIDVGYRHIDCAHVYQNENEVGVAIQEKLREQVVKREELFIVSKLWCTYHEKGLVKGACQKTLSDLKLDYLDLYLIHWPTGFKPGKEFFPLDESGNVVPSDTNILDTWAAMEELVDEGLVKAIGISNFNHLQVEMILNKPGLKYKPAVNQIECHPYLTQEKLIQYCQSKGIVVTAYSPLGSPDRPWAKPEDPSLLEDPRIKAIAAKHNKTTAQVLIRFPMQRNLVVIPKSVTPERIAENFKVFDFELSSQDMTTLLSYNRNWRVCALLSCTSHKDYPFHEEF,3LEP,MASRILLNNGAKMPILGLGTWKSPPGQVTEAVKVAIDVGYRHIDCAHVYQNENEVGVAIQEKLREQVVKREELFIVSKLWCTYHEKGLVKGACQKTLSDLKLDYLDLYLIHWPCGFKPGKEFFPLDESGNVVPSDTNILDTWAAMEELVDEGLVKAIGISNFNHLQVEMILNKPGLKYKPAVNQIECHPYLTQEKLIQYCQSKGIVVTAYSPLGSPDRPWAKPEDPSLLEDPRIKAIAAKHNKTTAQVLIRFPMQRNLVVIPKSVTPERIAENFKVFDFELSSQDMTTLLSYNRNWRVCALLSCTSHKDYPFHEEF, 388 ,c1cc(c(cc1Cl)OCC(=O)O)C(=O)NCc2ccc(cc2F)Br,17.282847742130976,17.043679429744067,T113C,KD,0.2701923076923078
1FLM,MLPGTFFEVLKNEGVVAIATQGEDGPHLVNTWNSYLKVLDGNRIVVPVGGMHKTEANVARDERVLMTLGSRKVAGRNGPGTGFLIRGSAAFRTDGPEFEAIARFKWARAALVITVVSAEQTL,3A6Q,MLPGTFFEVLKNTGVVAIATQGEDGPHLVNTWNSYLKVLDGNRIVVPVGGMHKTEANVARDERVLMTLGSRKVAGRNGPGTGFLIRGSAAFRTDGPEFEAIARFKWARAALVITVVSAEQTL, FMN ,Cc1cc2c(cc1C)N(C3=NC(=O)NC(=O)C3=N2)C[C@@H]([C@@H]([C@@H](COP(=O)(O)O)O)O)O,21.48898371034119,20.39396208980381,E13T,KD,1.9892473118279568
3BKL,VTQWLQEQNQQNGEVLGWPEYQWHPPLPDNYPEGIDLVTDEAEASKFVEEYDRTSQVVWNEYAEANWNYNTNITTETSKILLQKNMQIANHTLKYGTQARKFDVNQLQNTTIKRIIKKVQDLERAALPAQELEEYNKILLDMETTYSVATVCHPNGSCLQLEPDLTNVMATSRKYEDLLWAWEGWRDKAGRAILQFYPKYVELINQAARLNGYVDAGDSWRSMYETPSLEQDLERLFQELQPLYLNLHAYVRRALHRHYGAQHINLEGPIPAHLLGNMWAQTWSNIYDLVVPFPSAPSMDTTEAMLKQGWTPRRMFKEADDFFTSLGLLPVPPEFWNKSMLEKPTDGREVVCHASAWDFYNGKDFRIKQCTTVNLEDLVVAHHEMGHIQYFMQYKDLPVALREGANPGFHEAIGDVLALSVSTPKHLHSLNLLSSEGGSDEHDINFLMKMALDKIAFIPFSYLVDQWRWRVFDGSITKENYNQEWWSLRLKYQGLCPPVPRTQGDFDPGAKFHIPSSVPYIRYFVSFIIQFQFHEALCQAAGHTGPLHKCDIYQSKEAGQRLATAMKLGFSRPWPEAMQLITGQPNMSASAMLSYFKPLLDWLRTENELHGEKLGWPQYNWTPNSARSEGPLPDSGRVSFLGLDLDAQQARVGQWLLLFLGIALLVATLGLSQRLFSIRHRSLHRHSHGPQFGSEVELRHS,3BKL_mt,VTQWLQEQNQQNGEVLGWPEYQWHPPLPDNYPEGIDLVTDEAEASKFVEEYDRTSQVVWNEYAEANWNYNTNITTETSKILLQKNMQIANHTLKYGTQARKFDVNQLQNTTIKRIIKKVQDLERAALPAQELEEYNKILLDMETTYSVATVCHPNGSCLQLEPDLTNVMATSRKYEDLLWAWEGWRDKAGRAILQFYPKYVELINQAARLNGYVDAGDSWRSMYETPSLEQDLERLFQELQPLYLNLHAYVRRALHRHYGAQHINLEGPIPAHLLGNMWAQSWSNIYDLVVPFPSAPSMDTTEAMLKQGWTPRRMFKEADDFFTSLGLLPVPPEFWNKSMLEKPTDGREVVCHASAWDFYNGKDFRIKQCTTVNLEDLVVAHHEMGHIQYFMQYKDLPVALREGANPGFHEAIGDVLALSVSTPKHLHSLNLLSSEGGSDEHDINFLMKMALDKIAFIPFSYLVDQWRWRVFDGSITKENYNQEWWSLRLKYQGLCPPVPRTQGDFDPGAKFHIPSSVPYIRYFVSFIIQFQFHEALCQAAGHTGPLHKCDIYQSKEAGQRLATAMKLGFSRPWPEAMQLITGQPNMSASAMLSYFKPLLDWLRTENELHGEKLGWPQYNWTPNSARSEGPLPDSGRVSFLGLDLDAQQARVGQWLLLFLGIALLVATLGLSQRLFSIRHRSLHRHSHGPQFGSEVELRHS, KAW ,c1ccc(cc1)C[C@@H](C(CCC(=O)N[C@@H](Cc2c[nH]c3c2cccc3)C(=O)O)(O)O)NC(=O)c4ccccc4,14.202644709387714,13.898892166903323,T282S,Ki,0.3549337260677467
1OWB,ADTKAKLTLNGDTAVELDVLKGTLGQDVIDIRTLGSKGVFTFDPGFTSTASCESKITFIDGDEGILLHRGFPIDQLATDSNYLEVCYILLNGEKPTQEQYDEFKTTVTLHTMIHEQITRLFHAFRRDSHPMAVMCGITGALAAFYHDSLDVNNPRHREIAAFRLLSKMPTMAAMCYKYSIGQPFVYPRNDLSYAGNFLNMMFSTPCEPYEVNPILERAMDRILILHADHEQNASTSTVRTAGSSGANPFACIAAGIASLWGPAHGGANEAALKMLEEISSVKHIPEFFRRAKDKNDSFRLMGFGHRVYKNYDPRATVMRETCHEVLKELGTKDDLLEVAMELENIALNDPYFIEKKLYPNVDFYSGIILKAMGIPSSMFTVIFAMARTVGWIAHWSEMHSDGMKIARPRQLYTGYEKRDFKSDIKR,1OWB_mt,ADTKAKLTLNGDTAVELDVLKGTLGQDVIDIRTLGSKGVFTFDPGFTSTASCESKITFIDGDEGILLHRGFPIDQLATDSNYLEVCYILLNGEKPTQEQYDEFKTTVTRHTMIHEQITRLFHAFRRDSHPMAVMCGITGALAAFYHDSLDVNNPRHREIAAFRLLSKMPTMAAMCYKYSIGQPFVYPRNDLSYAGNFLNMMFSTPCEPYEVNPILERAMDRILILHADHEQNASTSTVRTAGSSGANPFACIAAGIASLWGPAHGGANEAALKMLEEISSVKHIPEFFRRAKDKNDSFRLMGFGHRVYKNYDPRATVMRETCHEVLKELGTKDDLLEVAMELENIALNDPYFIEKKLYPNVDFYSGIILKAMGIPSSMFTVIFAMARTVGWIAHWSEMHSDGMKIARPRQLYTGYEKRDFKSDIKR, NAD ,c1cc(c[n+](c1)[C@H]2[C@@H]([C@@H]([C@H](O2)CO[P@@](=O)([O-])O[P@@](=O)(O)OC[C@@H]3[C@H]([C@H]([C@@H](O3)n4cnc5c4ncnc5N)O)O)O)O)C,13.284882306902103,9.019720012367532,H110A/L109R,Ki,70.17647058823529
2VQZ,MERIKELRNLMSQSRTREILTKTTVDHMAIIKKYTSGRQEKNPSLRMKWMMAMKYPITADKRITEMVPERNEQGQTLWSKMSDAGSDRVMVSPLAVTWWNRNGPVTSTVHYPKVYKTYFDKVERLKHGTFGPVHFRNQVKIRRRVDINPGHADLSAKEAQDVIMEVVFPNEVGARILTSESQLTITKEKKEELQDCKISPLMVAYMLERELVRKTRFLPVAGGTSSVYIEVLHLTQGTCWEQMYTPGGEVRNDDIDQSLIIAARNIVRRASVSADPLASLLEMCHSTQIGGTRMVDILRQNPTEEQAVDICKAAMGLRISSSFSFGGFTFKRTSGSSIKREEEVLTGNLQTLKIRVHEGYEEFTMVGKRATAILRKATRRLVQLIVSGRDEQSIAEAIIVAMVFSQEDCMIKAVRGDLNFVNRANQRLNPMHQLLRHFQKDAKVLFQNWGIEHIDNVMGMVGVLPDMTPSTEMSMRGIRVSKMGVDEYSSTERVVVSIDRFLRVRDQRGNVLLSPEEVSETHGTERLTITYSSSMMWEINGPESVLVNTYQWIIRNWETVKIQWSQNPTMLYNKMEFEPFQSLVPKAIRGQYSGFVRTLFQQMRDVLGTFDTTQIIKLLPFAAAPPKQSRMQFSSLTVNVRGSGMRILVRGNSPVFNYNKTTKRLTILGKDAGTLIEDPDESTSGVESAVLRGFLILGKEDRRYGPALSINELSNLAKGEKANVLIGQGDVVLVMKRKRDSSILTDSQTATKRIRMAIN,2VQZ_mt,MERIKELRNLMSQSRTREILTKTTVDHMAIIKKYTSGRQEKNPSLRMKWMMAMKYPITADKRITEMVPERNEQGQTLWSKMSDAGSDRVMVSPLAVTWWNRNGPVTSTVHYPKVYKTYFDKVERLKHGTFGPVHFRNQVKIRRRVDINPGHADLSAKEAQDVIMEVVFPNEVGARILTSESQLTITKEKKEELQDCKISPLMVAYMLERELVRKTRFLPVAGGTSSVYIEVLHLTQGTCWEQMYTPGGEVRNDDIDQSLIIAARNIVRRASVSADPLASLLEMCHSTQIGGTRMVDILRQNPTEEQAVDICKAAMGLRISSSFSFGGFTFKRTSGSSIKREEEVLTGNLQTLKIRVWEGYEEFTMVGKRATAILRKATRRLVQLIVSGRDEQSIAEAIIVAMVFSQEDCMIKAVRGDLNFVNRANQRLNPMHQLLRHFQKDAKVLFQNWGIEHIDNVMGMVGVLPDMTPSTEMSMRGIRVSKMGVDEYSSTERVVVSIDRFLRVRDQRGNVLLSPEEVSETHGTERLTITYSSSMMWEINGPESVLVNTYQWIIRNWETVKIQWSQNPTMLYNKMEFEPFQSLVPKAIRGQYSGFVRTLFQQMRDVLGTFDTTQIIKLLPFAAAPPKQSRMQFSSLTVNVRGSGMRILVRGNSPVFNYNKTTKRLTILGKDAGTLIEDPDESTSGVESAVLRGFLILGKEDRRYGPALSINELSNLAKGEKANVLIGQGDVVLVMKRKRDSSILTDSQTATKRIRMAIN, MGT ,CN1CN(C2=C1C(=O)NC(=N2)N)[C@H]3[C@@H]([C@@H]([C@H](O3)CO[P@](=O)(O)O[P@](=O)(O)OP(=O)(O)O)O)O,8.639360825390446,10.637456727616328,H357W,KD,0.864406779661017
